用例编号,所属产品,所属模块,相关研发需求,用例标题,前置条件,步骤,预期,实际情况,关键词,优先级,用例类型,适用阶段,用例状态,B,R,S,结果,由谁创建,创建日期,最后修改者,修改日期,用例版本,相关用例,附件
1616,万岳在线教育系统WEB开源版(#202),/(#0),,可靠性测试――随机破坏测试,在系统正常运行时进行随机破坏测试,"1. 对界面进行胡乱操作
2. 在正常进行常规操作","1. 没有闪退、崩溃
2. 系统没有卡顿延迟","1. 
2.",,3,性能测试,,正常,0,1,2,通过,张雅童,2021/12/11,,0000-00-00,1,,
1613,万岳在线教育系统WEB开源版(#202),/(#0),,压力测试―――集中压力测试,对每个单独的组件进行压力测试后，应对带有其所有组件和支持服务的整个应用程序进行压力测试。集中压力测试主要关注与其他服务、进程以及数据结构的交互。,"1. 从功能测试开始，了解用户试图做什么以及确定用户运用您的应用程序的所有方式。
2. 测试脚本根据预期的用法运行程序。
3. 在日程和预算允许范围内，应始终尽可能延长测试时间。","1. 
2. 
3.","1. 
2. 
3.",,3,性能测试,,正常,0,1,3,通过,张雅童,2021/12/11,,0000-00-00,1,,
1610,万岳在线教育系统WEB开源版(#202),/后台管理员模块(#152),后台内容管理(#424),文档测试： 操作说明是否符合软件系统实际运行,,1. 操作说明是否符合软件系统实际运行,1. 符合,1,,3,其他,,正常,0,1,1,通过,梁宇,2021/12/11,梁宇,2021/12/11,2,,
1609,万岳在线教育系统WEB开源版(#202),/后台管理员模块(#152),后台内容管理(#424),文档测试： 功能描述是否清晰,,1. 功能描述是否清晰,1. 清晰,1,,3,其他,,正常,0,2,1,通过,梁宇,2021/12/11,梁宇,2021/12/11,2,,
1608,万岳在线教育系统WEB开源版(#202),/后台管理员模块(#152),后台内容管理(#424),文档测试： 针对用户操作手册，检查文档是否有错别字,,1. 检查文档是否有错别字,1. 无,1,,3,其他,,正常,0,1,1,通过,梁宇,2021/12/11,梁宇,2021/12/11,2,,
1602,万岳在线教育系统WEB开源版(#202),/(#0),,兼容性测试,在不同操作系统，网站，屏幕分辨率下登录该系统。,"1. 分别用windows/mac/Liunx登录该系统
2. 在使用同一操作系统时用不同浏览器进入该系统
3. 用不同分辨率的电脑进入该系统","1. 成功登录，没有区别
2. 成功进入，没有区别
3. 清晰度没有明显差异","1. 
2. 
3.",,1,其他,"
功能测试阶段",正常,0,1,3,通过,张雅童,2021/12/11,燕子,2021/12/11,1,,"e2兼容性测试.docx
"
1590,万岳在线教育系统WEB开源版(#202),/(#0),,可靠性测试,在比较大的压力业务情况下进行的软件可靠性测试,1. 尽可能让更多的账户在同一时间段内进行相同操作,1. 没有延迟，不卡顿,1,,3,性能测试,,正常,0,1,1,通过,张雅童,2021/12/11,,0000-00-00,1,,
1560,万岳在线教育系统WEB开源版(#202),/学生模块(#150),学生直播课堂(#421),文档测试： 操作说明是否符合软件系统实际运行,,1.  操作说明是否符合软件系统实际运行,1. 符合,1,,3,其他,,正常,0,1,1,通过,梁宇,2021/12/11,梁宇,2021/12/11,2,,
1559,万岳在线教育系统WEB开源版(#202),/学生模块(#150),学生直播课堂(#421),文档测试： 功能描述是否清晰,,1. 功能描述是否清晰,1. 清晰,1,,3,其他,,正常,0,1,1,通过,梁宇,2021/12/11,梁宇,2021/12/11,2,,
1558,万岳在线教育系统WEB开源版(#202),/学生模块(#150),学生直播课堂(#421),文档测试： 针对用户操作手册，检查文档是否有错别字,,1. 检查文档是否有错别字,1. 无,1,,3,其他,,正常,0,1,1,通过,梁宇,2021/12/11,梁宇,2021/12/11,2,,
1555,万岳在线教育系统WEB开源版(#202),/后台管理员模块(#152),后台用户管理(#425),文档测试： 操作说明是否符合软件系统实际运行,,1.  操作说明是否符合软件系统实际运行,1. 符合,1,,3,其他,,正常,0,1,1,通过,梁宇,2021/12/11,梁宇,2021/12/11,2,,
1554,万岳在线教育系统WEB开源版(#202),/后台管理员模块(#152),后台用户管理(#425),文档测试： 功能描述是否清晰,,1. 功能描述是否清晰,1. 清晰,手册内容有插件中心功能而pc端没有该项功能1. 手册内容有插件中心功能而pc端没有该项功能,,3,其他,,正常,0,2,1,失败,梁宇,2021/12/11,梁宇,2021/12/11,2,,
1553,万岳在线教育系统WEB开源版(#202),/后台管理员模块(#152),后台用户管理(#425),文档测试： 针对用户操作手册，检查文档是否有错别字,,1. 是否有错别字,1. 无,1,,3,其他,,正常,0,1,1,通过,梁宇,2021/12/11,梁宇,2021/12/11,2,,
1550,万岳在线教育系统WEB开源版(#202),/学生模块(#150),学生首页(#419),文档测试： 操作说明是否符合软件系统实际运行,,1. 操作说明是否符合软件系统实际运行,1. 符合,1,,3,其他,,正常,0,1,1,通过,梁宇,2021/12/11,梁宇,2021/12/11,2,,
1549,万岳在线教育系统WEB开源版(#202),/学生模块(#150),学生首页(#419),文档测试： 功能描述是否清晰,,1. 功能描述是否清晰,1. 清晰,1,,3,其他,,正常,0,1,1,通过,梁宇,2021/12/11,梁宇,2021/12/11,2,,
1548,万岳在线教育系统WEB开源版(#202),/学生模块(#150),学生首页(#419),文档测试： 针对用户操作手册，检查文档是否有错别字,,1. 检查文档是否有错别字,1. 无,1,,3,其他,,正常,0,1,1,通过,梁宇,2021/12/11,梁宇,2021/12/11,2,,
1545,万岳在线教育系统WEB开源版(#202),/讲师模块(#151),讲师首页(#412),文档测试： 操作说明是否符合软件系统实际运行,,1. 操作说明是否符合软件系统实际运行,1. 符合,1,,3,其他,,正常,0,1,1,通过,梁宇,2021/12/11,梁宇,2021/12/11,2,,
1544,万岳在线教育系统WEB开源版(#202),/讲师模块(#151),讲师首页(#412),文档测试： 功能描述是否清晰,,1.  功能描述是否清晰,1. 清晰,1,,3,其他,,正常,0,1,1,通过,梁宇,2021/12/11,梁宇,2021/12/11,2,,
1543,万岳在线教育系统WEB开源版(#202),/讲师模块(#151),讲师首页(#412),文档测试： 针对用户操作手册，检查文档是否有错别字,,1. 检查文档是否有错别字,1. 无,1,,3,其他,,正常,0,1,1,通过,梁宇,2021/12/11,梁宇,2021/12/11,2,,
1529,万岳在线教育系统WEB开源版(#202),/学生模块(#150),学生选课中心(#422),文档测试： 操作说明是否符合软件系统实际运行,,1. 操作说明是否符合软件系统实际运行,1. 符合,1,,3,其他,,正常,0,1,1,通过,梁宇,2021/12/11,梁宇,2021/12/11,2,,
1528,万岳在线教育系统WEB开源版(#202),/学生模块(#150),学生选课中心(#422),文档测试： 功能描述是否清晰,,1.  功能描述是否清晰,1. 清晰,1,,3,其他,,正常,0,1,1,通过,梁宇,2021/12/11,梁宇,2021/12/11,2,,
1527,万岳在线教育系统WEB开源版(#202),/学生模块(#150),学生选课中心(#422),文档测试： 针对用户操作手册，检查文档是否有错别字,,1. 检查文档是否有错别字,1. 无,1,,3,其他,,正常,0,1,1,通过,梁宇,2021/12/11,梁宇,2021/12/11,2,,
1522,万岳在线教育系统WEB开源版(#202),/讲师模块(#151),讲师登录(#411),文档测试： 操作说明是否符合软件系统实际运行,,1. 操作说明是否符合软件系统实际运行,1. 符合,1,,3,其他,,正常,0,1,1,通过,梁宇,2021/12/11,梁宇,2021/12/11,2,,
1521,万岳在线教育系统WEB开源版(#202),/讲师模块(#151),讲师登录(#411),文档测试： 功能描述是否清晰,,1. 功能描述是否清晰,1. 清晰,1,,3,其他,,正常,0,1,1,通过,梁宇,2021/12/11,梁宇,2021/12/11,2,,
1520,万岳在线教育系统WEB开源版(#202),/讲师模块(#151),讲师登录(#411),文档测试： 针对用户操作手册，检查文档是否有错别字,,1. 检查文档是否有错别字,1. 无,1,,3,其他,,正常,0,1,1,通过,梁宇,2021/12/11,梁宇,2021/12/11,2,,
1517,万岳在线教育系统WEB开源版(#202),/讲师模块(#151),讲师账号(#417),文档测试： 操作说明是否符合软件系统实际运行,,1.  操作说明是否符合软件系统实际运行,1. 符合,头像昵称不能随便修改、编辑1. 头像昵称不能随便修改、编辑,,3,其他,,正常,0,2,1,失败,梁宇,2021/12/11,梁宇,2021/12/11,2,,
1516,万岳在线教育系统WEB开源版(#202),/讲师模块(#151),讲师账号(#417),文档测试： 功能描述是否清晰,,1. 功能描述是否清晰,1. 清晰,1,,3,其他,,正常,0,1,1,通过,梁宇,2021/12/11,梁宇,2021/12/11,2,,
1515,万岳在线教育系统WEB开源版(#202),/讲师模块(#151),讲师账号(#417),文档测试： 针对用户操作手册，检查文档是否有错别字,,1. 检查文档是否有错别字,1. 无,1,,3,其他,,正常,0,1,1,通过,梁宇,2021/12/11,梁宇,2021/12/11,2,,
1511,万岳在线教育系统WEB开源版(#202),/学生模块(#150),学生精选内容(#420),文档测试： 操作说明是否符合软件系统实际运行,,1. 操作说明是否符合软件系统实际运行,1. 符合,1,,3,其他,,正常,0,1,1,通过,梁宇,2021/12/11,梁宇,2021/12/11,2,,
1510,万岳在线教育系统WEB开源版(#202),/学生模块(#150),学生精选内容(#420),文档测试： 功能描述是否清晰,,1. 功能描述是否清晰,1. 清晰,1,,3,其他,,正常,0,1,1,通过,梁宇,2021/12/11,梁宇,2021/12/11,2,,
1509,万岳在线教育系统WEB开源版(#202),/学生模块(#150),学生精选内容(#420),文档测试： 针对用户操作手册，检查文档是否有错别字,,1. 检查文档是否有错别字,1. 无,1,,3,其他,,正常,0,1,1,通过,梁宇,2021/12/11,梁宇,2021/12/11,2,,
1505,万岳在线教育系统WEB开源版(#202),/后台管理员模块(#152),后台登录(#423),文档测试： 操作说明是否符合软件系统实际运行,,1. 操作说明是否符合软件系统实际运行,1. 符合,1,,3,其他,,正常,0,1,1,通过,梁宇,2021/12/11,梁宇,2021/12/11,2,,
1504,万岳在线教育系统WEB开源版(#202),/后台管理员模块(#152),后台登录(#423),文档测试： 功能描述是否清晰,,1. 功能描述是否清晰,1. 清晰,1,,3,其他,,正常,0,1,1,通过,梁宇,2021/12/11,梁宇,2021/12/11,2,,
1503,万岳在线教育系统WEB开源版(#202),/后台管理员模块(#152),后台登录(#423),文档测试： 针对用户操作手册，检查文档是否有错别字,,1. 检查文档是否有错别字,1. 无,1,,3,其他,,正常,0,1,1,通过,梁宇,2021/12/11,梁宇,2021/12/11,2,,
1497,万岳在线教育系统WEB开源版(#202),/讲师模块(#151),讲师直播课堂(#490),文档测试： 操作说明是否符合软件系统实际运行,,1. 操作说明是否符合软件系统实际运行,1. 符合,1,,3,其他,,正常,0,1,1,通过,梁宇,2021/12/11,梁宇,2021/12/11,2,,
1496,万岳在线教育系统WEB开源版(#202),/讲师模块(#151),讲师直播课堂(#490),文档测试： 功能描述是否清晰,,1.  功能描述是否清晰,1. 清晰,1,,3,其他,,正常,0,1,1,通过,梁宇,2021/12/11,梁宇,2021/12/11,2,,
1495,万岳在线教育系统WEB开源版(#202),/讲师模块(#151),讲师直播课堂(#490),文档测试： 针对用户操作手册，检查文档是否有错别字,,1. 是否有错别字,1. 无,1,,3,其他,,正常,0,1,1,通过,梁宇,2021/12/11,梁宇,2021/12/11,2,,
1492,万岳在线教育系统WEB开源版(#202),/学生模块(#150),学生账号设置个性化(#498),文档测试： 针对用户操作手册测试点操作说明是否符合软件系统实际运行,,1. 是否符合软件系统实际运行,1. 符合,1,,3,其他,,正常,0,1,1,通过,梁宇,2021/12/11,梁宇,2021/12/11,3,,
1491,万岳在线教育系统WEB开源版(#202),/学生模块(#150),学生账号设置个性化(#498),文档测试： 针对用户操作手册测试点功能描述是否清晰,,1. 功能描述是否清晰,1. 是,1,,3,其他,,正常,0,1,1,通过,梁宇,2021/12/11,梁宇,2021/12/11,2,,
1490,万岳在线教育系统WEB开源版(#202),/学生模块(#150),学生账号设置个性化(#498),文档测试 ：针对用户操作手册检查文档是否有错别字,,1. 检查文档是否有错别字,1. 无,1,,3,其他,,正常,0,1,1,通过,梁宇,2021/12/11,梁宇,2021/12/11,2,,
1486,万岳在线教育系统WEB开源版(#202),/后台管理员模块(#152),后台登录(#423),压力测试：系统在峰值使用情况下是否具有良好的容错能力和可恢复能力,,1. 峰值情况下使用系统，容错恢复能力和可恢复力是否正常,1. 峰值过高情况下，可能会不正常,1,,3,性能测试,,正常,0,1,1,通过,韩晓葳,2021/12/11,韩晓葳,2021/12/11,2,,
1485,万岳在线教育系统WEB开源版(#202),/后台管理员模块(#152),后台登录(#423),压力测试：系统在峰值使用情况下是否发现功能隐患,,1. 峰值情况下使用系统，是否出现功能隐患,1. 可能会出现功能隐患,1,,3,性能测试,,正常,0,1,1,通过,韩晓葳,2021/12/11,韩晓葳,2021/12/11,2,,
1484,万岳在线教育系统WEB开源版(#202),/后台管理员模块(#152),后台登录(#423),压力测试：系统在峰值使用情况下的操作行为是否正常,,1. 系统在峰值使用情况下的操作行为,1. 可能会出现页面响应时间过长,1,,3,性能测试,,正常,0,1,1,通过,韩晓葳,2021/12/11,韩晓葳,2021/12/11,2,,
1481,万岳在线教育系统WEB开源版(#202),/学生模块(#150),学生直播课堂(#421),链接速度测试：链接速度太慢，是否引起数据丢失，用户得不到真实页面,,1. 链接响应速度超过50秒,1. 65%会引起数据丢失,1,,3,性能测试,,正常,0,1,1,通过,韩晓葳,2021/12/11,韩晓葳,2021/12/11,2,,
1480,万岳在线教育系统WEB开源版(#202),/学生模块(#150),学生直播课堂(#421),链接速度测试：页面响应时间太慢，用户是否需要重新登录,,1. 页面响应时间超过30秒,1. 用户需要重新登陆,1,,3,性能测试,,正常,0,1,1,通过,韩晓葳,2021/12/11,韩晓葳,2021/12/11,2,,
1479,万岳在线教育系统WEB开源版(#202),/学生模块(#150),学生直播课堂(#421),链接速度测试：链接响应时间超过5秒，用户是否离开,,1. 链接响应时间超过5秒,1. 用户离开页面,1,,3,性能测试,,正常,0,1,1,通过,韩晓葳,2021/12/11,韩晓葳,2021/12/11,2,,
1478,万岳在线教育系统WEB开源版(#202),/讲师模块(#151),讲师登录(#411),负载测试：随机加载方式，由随机算法自动生成某个数量范围内变化的、动态的负载，是否可以持续运行,,1. 在任何一时间内随机增加20位用户,1. 这20位用户可以正常登录,1,,3,性能测试,,正常,0,1,1,通过,韩晓葳,2021/12/11,韩晓葳,2021/12/11,2,,
1477,万岳在线教育系统WEB开源版(#202),/讲师模块(#151),讲师登录(#411),负载测试：高低突变加载，反复几次，是否可以持续运行,,1. 第一次正常10位用户登录，在10秒后增加10位用户，在30秒后恢复正常，再在20秒后增加15位用户,1. 可以正常登录,1,,3,性能测试,,正常,0,1,1,通过,韩晓葳,2021/12/11,韩晓葳,2021/12/11,2,,
1476,万岳在线教育系统WEB开源版(#202),/讲师模块(#151),讲师登录(#411),负载测试：递增加载，是否有规律的逐渐增加用户,,1. 一个用户登录后，在3秒内增加5位用户登录，再在5秒内增加7位用户,1. 递增加载可以进行,1,,3,性能测试,,正常,0,1,1,通过,韩晓葳,2021/12/11,韩晓葳,2021/12/11,2,,
1475,万岳在线教育系统WEB开源版(#202),/讲师模块(#151),讲师登录(#411),负载测试：一次性加载某个数量的用户，在预定的时间内是否持续运行,,1. 同一时间5个用户同时登录，是否在5秒内登陆成功,1. 可以在5秒内登录成功,1,,3,性能测试,,正常,0,1,1,通过,韩晓葳,2021/12/11,韩晓葳,2021/12/11,2,,
1300,万岳在线教育系统WEB开源版(#202),/学生模块(#150),学生账号设置个性化(#498),UI测试  任务栏自动隐藏与不隐藏情况下的显示，整体的界面显示是否正确。,,1. 任务栏自动隐藏与不隐藏情况下的显示，整体的界面显示是否正确,1. 是,是1. 是,,3,其他,,正常,0,1,1,通过,梁宇,2021/12/10,梁宇,2021/12/11,2,,
1299,万岳在线教育系统WEB开源版(#202),/学生模块(#150),学生账号设置个性化(#498),UI测试  窗口是否允许最小化、最大化、移动，但提示信息等弹出窗口是否固定大小、不允许缩放。,,"1. 对窗口进行最小化操作观察是否成功
2. 对窗口进行最大化操作观察是否成功
3. 对窗口进行移动操作观察是否成功
4. 观察多次弹出的窗口信息是否固定大小，不允许缩放","1. 成功
2. 成功
3. 成功
4. 是","成功1. 成功
2. 成功
3. 成功
4. 成功",,3,其他,,正常,0,1,4,通过,梁宇,2021/12/10,梁宇,2021/12/11,2,,
1298,万岳在线教育系统WEB开源版(#202),/学生模块(#150),学生账号设置个性化(#498),UI测试  对于要求用户输入的内容是否明确。,,"1. 观察用户是否输入内容
2. 对于要求用户输入的内容是否明确。","1. 是
2. 是","是1. 是
2. 是",,3,其他,,正常,0,1,2,通过,梁宇,2021/12/10,梁宇,2021/12/11,2,,
1297,万岳在线教育系统WEB开源版(#202),/学生模块(#150),学生账号设置个性化(#498),UI测试 【确认】按钮是否放在【取消】按钮的左边。,,"1. 观察是否有【确认】按钮
2. 观察是否有【取消】按钮
3. 【确认】按钮是否放在【取消】按钮的左边。","1. 是
2. 是
3. 是","1. 
2. 
3.",,3,其他,,正常,0,1,3,通过,梁宇,2021/12/10,梁宇,2021/12/11,2,,
1296,万岳在线教育系统WEB开源版(#202),/学生模块(#150),学生账号设置个性化(#498),UI测试  录入界面中，有默认的光标定位，是否支持鼠标和键盘操作。,,"1. 观察有默认的光标定位，是否支持鼠标，是否支持鼠标
2. 观察有默认的光标定位，是否支持键盘
3. 观察有默认的光标定位，是否支持鼠标和键盘操作。","1. 支持
2. 支持
3. 支持","1. 
2. 
3.",,3,其他,,正常,0,1,3,通过,梁宇,2021/12/10,梁宇,2021/12/11,2,,
1295,万岳在线教育系统WEB开源版(#202),/学生模块(#150),学生账号设置个性化(#498),UI测试  必填项是否有特殊符号标识，如一般用红色*号表示。,,"1. 观察是否有必填项
2. 观察有必填项是否有特殊表示符号","1. 有
2. 是","1. 
2.",,3,其他,,正常,0,1,2,通过,梁宇,2021/12/10,梁宇,2021/12/11,3,,
1294,万岳在线教育系统WEB开源版(#202),/学生模块(#150),学生账号设置个性化(#498),UI测试  单名称、打开窗口的标题栏、权限名称等是否命名一致。,,"1. 观察单名称与打开窗口标题栏命名是否一致
2. 观察单名称与权限名称命名是否一致
3. 观察打开窗口标题栏与权限命名是否一致
4. 观察单名称、打开窗口的标题栏、权限名称等是否命名一致。","1. 一致
2. 一致
3. 一致
4. 一致","1. 
2. 
3. 
4.",,3,其他,,正常,0,1,4,通过,梁宇,2021/12/10,梁宇,2021/12/11,2,,
1292,万岳在线教育系统WEB开源版(#202),/学生模块(#150),学生账号设置个性化(#498),UI测试  整体界面的美观性:窗口是否居中，按钮、文字、输入框等是否大小适中、排列整齐。,,"1. 窗口与窗口互相浏览
2. 观察按钮是否大小适合
3. 观察按钮是否排列整齐
4. 观察文字是否大小适合
5. 观察文字是否排列整齐
6. 观察输入框是否大小合适
7. 观察输入框是否排列整齐","1. 窗口居中
2. 按钮大小合适
3. 按钮排列整齐
4. 文字大小合适
5. 文字排列整齐
6. 输入框大小合适
7. 输入框排列整齐","1. 
2. 
3. 
4. 
5. 
6. 
7.",,3,其他,,正常,0,2,7,通过,梁宇,2021/12/10,梁宇,2021/12/11,2,,
1281,万岳在线教育系统WEB开源版(#202),/讲师模块(#151),语音大班课(#416),UI测试  窗口是否允许最小化、最大化、移动，但提示信息等弹出窗口是否固定大小、不允许缩放。,,1. 对窗口进行最小化、最大化、移动操作，观察是否成功,1. 成功,成功1. 成功,,3,其他,,正常,0,3,1,通过,梁宇,2021/12/10,梁宇,2021/12/11,2,,
1279,万岳在线教育系统WEB开源版(#202),/讲师模块(#151),语音大班课(#416),UI测试 【确认】按钮是否放在【取消】按钮的左边。,,1. 观察【确认】按钮是否放在【取消】按钮的左边。,1. 是,是1. 是,,3,其他,,正常,0,1,1,通过,梁宇,2021/12/10,梁宇,2021/12/11,2,,
1278,万岳在线教育系统WEB开源版(#202),/讲师模块(#151),语音大班课(#416),UI测试  录入界面中，有默认的光标定位，是否支持鼠标和键盘操作。,,1. 有默认的光标定位，是否支持鼠标和键盘操作,1. 支持,支持1. 支持,,3,其他,,正常,0,1,1,通过,梁宇,2021/12/10,梁宇,2021/12/11,2,,
1277,万岳在线教育系统WEB开源版(#202),/讲师模块(#151),语音大班课(#416),UI测试  必填项是否有特殊符号标识，如一般用红色*号表示。,,1. 必填项是否有特殊符号标识,1. 有,有1. 有,,3,其他,,正常,0,1,1,通过,梁宇,2021/12/10,梁宇,2021/12/11,2,,
1276,万岳在线教育系统WEB开源版(#202),/讲师模块(#151),语音大班课(#416),UI测试  单名称、打开窗口的标题栏、权限名称等是否命名一致。,,1. 观察单名称、打开窗口的标题栏、权限名称等是否命名一致,1. 一致,一致1. 一致,,3,其他,,正常,0,1,1,通过,梁宇,2021/12/10,梁宇,2021/12/11,2,,
1274,万岳在线教育系统WEB开源版(#202),/讲师模块(#151),语音大班课(#416),UI测试  整体界面的美观性:窗口是否居中，按钮、文字、输入框等是否大小适中、排列整齐。,,1. 观察窗口是否居中,1. 居中,居中1. 居中,,3,其他,,正常,0,1,1,通过,梁宇,2021/12/10,梁宇,2021/12/11,2,,
1273,万岳在线教育系统WEB开源版(#202),/学生模块(#150),学生忘记密码(#427),UI测试  任务栏自动隐藏与不隐藏情况下的显示，整体的界面显示是否正确。,,,,,,3,其他,,正常,0,1,0,通过,梁宇,2021/12/10,,0000-00-00,1,,
1272,万岳在线教育系统WEB开源版(#202),/学生模块(#150),学生忘记密码(#427),UI测试  窗口是否允许最小化、最大化、移动，但提示信息等弹出窗口是否固定大小、不允许缩放。,,1. 对窗口进行最小化、最大化、移动操作，观察是否成功,1. 成功,1,,3,其他,,正常,0,1,1,通过,梁宇,2021/12/10,梁宇,2021/12/11,2,,
1271,万岳在线教育系统WEB开源版(#202),/学生模块(#150),学生忘记密码(#427),UI测试  对于要求用户输入的内容是否明确。,,1. 输入的内容是否明确。,1. 明确,1,,3,其他,,正常,0,1,1,通过,梁宇,2021/12/10,梁宇,2021/12/11,2,,
1270,万岳在线教育系统WEB开源版(#202),/学生模块(#150),学生忘记密码(#427),UI测试 【确认】按钮是否放在【取消】按钮的左边。,,1. 【确认】按钮是否放在【取消】按钮的左边。,1. 是,1,,3,其他,,正常,0,1,1,通过,梁宇,2021/12/10,梁宇,2021/12/11,2,,
1269,万岳在线教育系统WEB开源版(#202),/学生模块(#150),学生忘记密码(#427),UI测试  录入界面中，有默认的光标定位，是否支持鼠标和键盘操作。,,1. 有默认的光标定位，是否支持鼠标和键盘操作,1. 支持,1,,3,其他,,正常,0,1,1,通过,梁宇,2021/12/10,梁宇,2021/12/11,2,,
1268,万岳在线教育系统WEB开源版(#202),/学生模块(#150),学生忘记密码(#427),UI测试  必填项是否有特殊符号标识，如一般用红色*号表示。,,1. 必填项是否有特殊符号标识,1. 有,1,,3,其他,,正常,0,1,1,通过,梁宇,2021/12/10,梁宇,2021/12/11,2,,
1267,万岳在线教育系统WEB开源版(#202),/学生模块(#150),学生忘记密码(#427),UI测试  单名称、打开窗口的标题栏、权限名称等是否命名一致。,,1. 单名称、打开窗口的标题栏、权限名称等是否命名一致,1. 一致,1,,3,其他,,正常,0,1,1,通过,梁宇,2021/12/10,梁宇,2021/12/11,2,,
1266,万岳在线教育系统WEB开源版(#202),/学生模块(#150),学生忘记密码(#427),UI测试  表格类:表头文字是否居中;列表中，文本类是否左对齐(相同字数或字数相差不大的列居中)，数字类右对齐(序号列居中)，日期居中。,,"1. 表头文字是否居中
2. 文本类是否左对齐
3. 数字类右对齐","1. 居中
2. 对齐
3. 对齐","1. 
2. 
3.",,3,其他,,正常,0,1,3,通过,梁宇,2021/12/10,梁宇,2021/12/11,2,,
1265,万岳在线教育系统WEB开源版(#202),/学生模块(#150),学生忘记密码(#427),UI测试  整体界面的美观性:窗口是否居中，按钮、文字、输入框等是否大小适中、排列整齐。,,1. 窗口是否居中,1. 窗口居中,1,,3,其他,,正常,0,1,1,通过,梁宇,2021/12/10,梁宇,2021/12/11,2,,
1263,万岳在线教育系统WEB开源版(#202),/讲师模块(#151),讲师首页(#412),UI测试  窗口是否允许最小化、最大化、移动，但提示信息等弹出窗口是否固定大小、不允许缩放。,,1. 对窗口最小化、最大化、移动操作，观察是否成功,1. 成功,1,,3,其他,,正常,0,1,1,通过,梁宇,2021/12/10,梁宇,2021/12/11,2,,
1262,万岳在线教育系统WEB开源版(#202),/讲师模块(#151),讲师首页(#412),UI测试  对于要求用户输入的内容是否明确。,,1. 用户输入的内容是否明确,1. 明确,1,,3,其他,,正常,0,1,1,通过,梁宇,2021/12/10,梁宇,2021/12/11,2,,
1260,万岳在线教育系统WEB开源版(#202),/讲师模块(#151),讲师首页(#412),UI测试  录入界面中，有默认的光标定位，是否支持鼠标和键盘操作。,,1. 有默认的光标定位，是否支持鼠标和键盘操作,1. 是,1,,3,其他,,正常,0,1,1,通过,梁宇,2021/12/10,梁宇,2021/12/11,2,,
1259,万岳在线教育系统WEB开源版(#202),/讲师模块(#151),讲师首页(#412),UI测试  必填项是否有特殊符号标识，如一般用红色*号表示。,,1. 必填项是否有特殊符号标识,1. 有,1,,3,其他,,正常,0,1,1,通过,梁宇,2021/12/10,梁宇,2021/12/11,2,,
1258,万岳在线教育系统WEB开源版(#202),/讲师模块(#151),讲师首页(#412),UI测试  单名称、打开窗口的标题栏、权限名称等是否命名一致。,,1. 观察单名称、打开窗口的标题栏、权限名称等是否命名一致。,1. 是,1,,3,其他,,正常,0,1,1,通过,梁宇,2021/12/10,梁宇,2021/12/11,2,,
1256,万岳在线教育系统WEB开源版(#202),/讲师模块(#151),讲师首页(#412),UI测试  整体界面的美观性:窗口是否居中，按钮、文字、输入框等是否大小适中、排列整齐。,,1. 观察窗口是否居中,1. 居中,1,,3,其他,,正常,0,1,1,通过,梁宇,2021/12/10,梁宇,2021/12/11,2,,
1254,万岳在线教育系统WEB开源版(#202),/讲师模块(#151),讲师登录(#411),UI测试  窗口是否允许最小化、最大化、移动，但提示信息等弹出窗口是否固定大小、不允许缩放。,,1. 观察窗口是否允许最小化、最大化、移动，但提示信息等弹出窗口是否固定大小、不允许缩放。,1. 是,1,,3,其他,,正常,0,1,1,通过,梁宇,2021/12/10,梁宇,2021/12/11,2,,
1253,万岳在线教育系统WEB开源版(#202),/讲师模块(#151),讲师登录(#411),UI测试  对于要求用户输入的内容是否明确。,,1. 观察对于要求用户输入的内容是否明确。,1. 明确,1,,3,其他,,正常,0,1,1,通过,梁宇,2021/12/10,梁宇,2021/12/11,2,,
1252,万岳在线教育系统WEB开源版(#202),/讲师模块(#151),讲师登录(#411),UI测试 【确认】按钮是否放在【取消】按钮的左边。,,1. 观察【确认】按钮是否放在【取消】按钮的左边。,1. 是,1,,3,其他,,正常,0,2,1,通过,梁宇,2021/12/10,梁宇,2021/12/11,2,,
1251,万岳在线教育系统WEB开源版(#202),/讲师模块(#151),讲师登录(#411),UI测试  录入界面中，有默认的光标定位，是否支持鼠标和键盘操作。,,1. 观察有默认的光标定位，是否支持鼠标和键盘操作,1. 是,1,,3,其他,,正常,0,2,1,通过,梁宇,2021/12/10,梁宇,2021/12/11,2,,
1249,万岳在线教育系统WEB开源版(#202),/讲师模块(#151),讲师登录(#411),UI测试  单名称、打开窗口的标题栏、权限名称等是否命名一致。,,1. 单名称、打开窗口的标题栏、权限名称等是否命名一致。,1. 一致,1,,3,其他,,正常,0,1,1,通过,梁宇,2021/12/10,梁宇,2021/12/11,2,,
1247,万岳在线教育系统WEB开源版(#202),/讲师模块(#151),讲师登录(#411),UI测试  整体界面的美观性:窗口是否居中，按钮、文字、输入框等是否大小适中、排列整齐。,,1. 观察整体界面的美观性:窗口是否居中，按钮、文字、输入框等是否大小适中、排列整齐。,1. 是,1,,3,其他,,正常,0,1,1,通过,梁宇,2021/12/10,梁宇,2021/12/11,2,,
1246,万岳在线教育系统WEB开源版(#202),/讲师模块(#151),讲师账号(#417),UI测试  任务栏自动隐藏与不隐藏情况下的显示，整体的界面显示是否正确。,,1.  任务栏自动隐藏与不隐藏情况下的显示，整体的界面显示是否正确。,1. 正确,1,,3,其他,,正常,0,1,1,通过,梁宇,2021/12/10,梁宇,2021/12/11,2,,
1244,万岳在线教育系统WEB开源版(#202),/讲师模块(#151),讲师账号(#417),UI测试  对于要求用户输入的内容是否明确。,,1. 输入的内容是否明确。,1. 明确,1,,3,其他,,正常,0,1,1,通过,梁宇,2021/12/10,梁宇,2021/12/11,2,,
1243,万岳在线教育系统WEB开源版(#202),/讲师模块(#151),讲师账号(#417),UI测试 【确认】按钮是否放在【取消】按钮的左边。,,1. 【确认】按钮是否放在【取消】按钮的左边。,1. 是,1,,3,其他,,正常,0,1,1,通过,梁宇,2021/12/10,梁宇,2021/12/11,2,,
1242,万岳在线教育系统WEB开源版(#202),/讲师模块(#151),讲师账号(#417),UI测试  录入界面中，有默认的光标定位，是否支持鼠标和键盘操作。,,1. 有默认的光标定位，是否支持鼠标和键盘操作。,1. 支持,1,,3,其他,,正常,0,1,1,通过,梁宇,2021/12/10,梁宇,2021/12/11,2,,
1241,万岳在线教育系统WEB开源版(#202),/讲师模块(#151),讲师账号(#417),UI测试  必填项是否有特殊符号标识，如一般用红色*号表示。,,1. 必填项是否有特殊符号标识,1. 有,1,,3,其他,,正常,0,1,1,通过,梁宇,2021/12/10,梁宇,2021/12/11,2,,
1240,万岳在线教育系统WEB开源版(#202),/讲师模块(#151),讲师账号(#417),UI测试  单名称、打开窗口的标题栏、权限名称等是否命名一致。,,1. 单名称、打开窗口的标题栏、权限名称等是否命名一致。,1. 一致,1,,3,其他,,正常,0,1,1,通过,梁宇,2021/12/10,梁宇,2021/12/11,2,,
1238,万岳在线教育系统WEB开源版(#202),/讲师模块(#151),讲师账号(#417),UI测试  整体界面的美观性:窗口是否居中，按钮、文字、输入框等是否大小适中、排列整齐。,,1. 窗口是否居中,1. 居中,1,,3,其他,,正常,0,1,1,通过,梁宇,2021/12/10,梁宇,2021/12/11,2,,
1237,万岳在线教育系统WEB开源版(#202),/学生模块(#150),学生首页(#419),UI测试  任务栏自动隐藏与不隐藏情况下的显示，整体的界面显示是否正确。,,1. 任务栏自动隐藏与不隐藏情况下的显示，整体的界面显示是否正确,1. 正确,1,,3,其他,,正常,0,1,1,通过,梁宇,2021/12/10,梁宇,2021/12/11,2,,
1236,万岳在线教育系统WEB开源版(#202),/学生模块(#150),学生首页(#419),UI测试  窗口是否允许最小化、最大化、移动，但提示信息等弹出窗口是否固定大小、不允许缩放。,,1. 对窗口进行最小化、最大化、移动操作，观察是否成功,1. 成功,1,,3,其他,,正常,0,1,1,通过,梁宇,2021/12/10,梁宇,2021/12/11,2,,
1235,万岳在线教育系统WEB开源版(#202),/学生模块(#150),学生首页(#419),UI测试  对于要求用户输入的内容是否明确。,,1. 输入的内容是否明确,1. 明确,1,,3,其他,,正常,0,1,1,通过,梁宇,2021/12/10,梁宇,2021/12/11,2,,
1234,万岳在线教育系统WEB开源版(#202),/学生模块(#150),学生首页(#419),UI测试 【确认】按钮是否放在【取消】按钮的左边。,,1. 【确认】按钮是否放在【取消】按钮的左边。,1. 是,1,,3,其他,,正常,0,1,1,通过,梁宇,2021/12/10,梁宇,2021/12/11,2,,
1233,万岳在线教育系统WEB开源版(#202),/学生模块(#150),学生首页(#419),UI测试  录入界面中，有默认的光标定位，是否支持鼠标和键盘操作。,,1. 有默认的光标定位，是否支持鼠标和键盘操作,1. 支持,1,,3,其他,,正常,0,1,1,通过,梁宇,2021/12/10,梁宇,2021/12/11,2,,
1232,万岳在线教育系统WEB开源版(#202),/学生模块(#150),学生首页(#419),UI测试  必填项是否有特殊符号标识，如一般用红色*号表示。,,1. 必填项是否有特殊符号标识,1. 有,1,,3,其他,,正常,0,1,1,通过,梁宇,2021/12/10,梁宇,2021/12/11,2,,
1231,万岳在线教育系统WEB开源版(#202),/学生模块(#150),学生首页(#419),UI测试  单名称、打开窗口的标题栏、权限名称等是否命名一致。,,1. 单名称、打开窗口的标题栏、权限名称等是否命名一致。,1. 一致,1,,3,其他,,正常,0,1,1,通过,梁宇,2021/12/10,梁宇,2021/12/11,2,,
1230,万岳在线教育系统WEB开源版(#202),/学生模块(#150),学生首页(#419),UI测试  表格类:表头文字是否居中;列表中，文本类是否左对齐(相同字数或字数相差不大的列居中)，数字类右对齐(序号列居中)，日期居中。,,1. 表头文字是否居中,1. 居中,1,,3,其他,,正常,0,1,1,通过,梁宇,2021/12/10,梁宇,2021/12/11,2,,
1229,万岳在线教育系统WEB开源版(#202),/学生模块(#150),学生首页(#419),UI测试  整体界面的美观性:窗口是否居中，按钮、文字、输入框等是否大小适中、排列整齐。,,1. 窗口是否居中,1. 窗口居中,1,,3,其他,,正常,0,1,1,通过,梁宇,2021/12/10,梁宇,2021/12/11,2,,
1228,万岳在线教育系统WEB开源版(#202),/学生模块(#150),学生直播课堂(#421),UI测试  任务栏自动隐藏与不隐藏情况下的显示，整体的界面显示是否正确。,,1. 任务栏自动隐藏与不隐藏情况下的显示，整体的界面显示是否正确。,1. 正确,1,,3,其他,,正常,0,1,1,通过,梁宇,2021/12/10,梁宇,2021/12/11,2,,
1227,万岳在线教育系统WEB开源版(#202),/学生模块(#150),学生直播课堂(#421),UI测试  窗口是否允许最小化、最大化、移动，但提示信息等弹出窗口是否固定大小、不允许缩放。,,1. 对窗口进行最小化、最大化、移动操作，观察是否成功,1. 成功,1,,3,其他,,正常,0,1,1,通过,梁宇,2021/12/10,梁宇,2021/12/11,2,,
1226,万岳在线教育系统WEB开源版(#202),/学生模块(#150),学生直播课堂(#421),UI测试  对于要求用户输入的内容是否明确。,,1. 输入的内容是否明确。,1. 明确,1,,3,其他,,正常,0,1,1,通过,梁宇,2021/12/10,梁宇,2021/12/11,2,,
1225,万岳在线教育系统WEB开源版(#202),/学生模块(#150),学生直播课堂(#421),UI测试 【确认】按钮是否放在【取消】按钮的左边。,,1. 【确认】按钮是否放在【取消】按钮的左边。,1. 是,1,,3,其他,,正常,0,1,1,通过,梁宇,2021/12/10,梁宇,2021/12/11,2,,
1224,万岳在线教育系统WEB开源版(#202),/学生模块(#150),学生直播课堂(#421),UI测试  录入界面中，有默认的光标定位，是否支持鼠标和键盘操作。,,1. 有默认的光标定位，是否支持鼠标和键盘操作,1. 支持,1,,3,其他,,正常,0,1,1,通过,梁宇,2021/12/10,梁宇,2021/12/11,2,,
1223,万岳在线教育系统WEB开源版(#202),/学生模块(#150),学生直播课堂(#421),UI测试  必填项是否有特殊符号标识，如一般用红色*号表示。,,1. 必填项是否有特殊符号标识,1. 有,1,,3,其他,,正常,0,1,1,通过,梁宇,2021/12/10,梁宇,2021/12/11,2,,
1222,万岳在线教育系统WEB开源版(#202),/学生模块(#150),学生直播课堂(#421),UI测试  单名称、打开窗口的标题栏、权限名称等是否命名一致。,,1. 单名称、打开窗口的标题栏、权限名称等是否命名一致。,1. 一致,1,,3,其他,,正常,0,1,1,通过,梁宇,2021/12/10,梁宇,2021/12/11,2,,
1221,万岳在线教育系统WEB开源版(#202),/学生模块(#150),学生直播课堂(#421),UI测试  表格类:表头文字是否居中;列表中，文本类是否左对齐(相同字数或字数相差不大的列居中)，数字类右对齐(序号列居中)，日期居中。,,1. 表头文字是否居中,1. 居中,1,,3,其他,,正常,0,1,1,通过,梁宇,2021/12/10,梁宇,2021/12/11,2,,
1220,万岳在线教育系统WEB开源版(#202),/学生模块(#150),学生直播课堂(#421),UI测试  整体界面的美观性:窗口是否居中，按钮、文字、输入框等是否大小适中、排列整齐。,,1. 观察窗口是否居中,1. 居中,1,,3,其他,,正常,0,1,1,通过,梁宇,2021/12/10,梁宇,2021/12/11,2,,
1218,万岳在线教育系统WEB开源版(#202),/学生模块(#150),学生选课中心(#422),UI测试  窗口是否允许最小化、最大化、移动，但提示信息等弹出窗口是否固定大小、不允许缩放。,,1. 对窗口进行最小化、最大化、移动操作，观察是否成功,1. 成功,1,,3,其他,,正常,0,1,1,通过,梁宇,2021/12/10,梁宇,2021/12/11,2,,
1217,万岳在线教育系统WEB开源版(#202),/学生模块(#150),学生选课中心(#422),UI测试  对于要求用户输入的内容是否明确。,,1. 输入的内容是否明确,1. 明确,1,,3,其他,,正常,0,1,1,通过,梁宇,2021/12/10,梁宇,2021/12/11,2,,
1216,万岳在线教育系统WEB开源版(#202),/学生模块(#150),学生选课中心(#422),UI测试 【确认】按钮是否放在【取消】按钮的左边。,,1. 观察【确认】按钮是否放在【取消】按钮的左边。,1. 是,1,,3,其他,,正常,0,1,1,通过,梁宇,2021/12/10,梁宇,2021/12/11,2,,
1215,万岳在线教育系统WEB开源版(#202),/学生模块(#150),学生选课中心(#422),UI测试  录入界面中，有默认的光标定位，是否支持鼠标和键盘操作。,,1. 有默认的光标定位，是否支持鼠标和键盘操作。,1. 支持,1,,3,其他,,正常,0,1,1,通过,梁宇,2021/12/10,梁宇,2021/12/11,2,,
1214,万岳在线教育系统WEB开源版(#202),/学生模块(#150),学生选课中心(#422),UI测试  必填项是否有特殊符号标识，如一般用红色*号表示。,,1. 观察必填项是否有特殊符号标识,1. 有,1,,3,其他,,正常,0,1,1,通过,梁宇,2021/12/10,梁宇,2021/12/11,2,,
1213,万岳在线教育系统WEB开源版(#202),/学生模块(#150),学生选课中心(#422),UI测试  单名称、打开窗口的标题栏、权限名称等是否命名一致。,,1. 观察单名称、打开窗口的标题栏、权限名称等是否命名一致,1. 一致,1,,3,其他,,正常,0,1,1,通过,梁宇,2021/12/10,梁宇,2021/12/11,2,,
1211,万岳在线教育系统WEB开源版(#202),/学生模块(#150),学生选课中心(#422),UI测试  整体界面的美观性:窗口是否居中，按钮、文字、输入框等是否大小适中、排列整齐。,,1. 观察窗口是否居中,1. 居中,1,,3,其他,,正常,0,1,1,通过,梁宇,2021/12/10,梁宇,2021/12/11,2,,
1191,万岳在线教育系统WEB开源版(#202),/后台管理员模块(#152),后台登录(#423),UI测试  任务栏自动隐藏与不隐藏情况下的显示，整体的界面显示是否正确。,,1. 观察任务栏自动隐藏与不隐藏情况下的显示，整体的界面显示是否正确。,1. 正确,1,,3,其他,,正常,0,1,1,通过,梁宇,2021/12/10,梁宇,2021/12/11,2,,
1190,万岳在线教育系统WEB开源版(#202),/后台管理员模块(#152),后台登录(#423),UI测试  窗口是否允许最小化、最大化、移动，但提示信息等弹出窗口一般固定大小、不允许缩放。,,1. 对窗口进行最小化、最大化、移动操作，观察是否成功,1. 成功,1,,3,其他,,正常,0,1,1,通过,梁宇,2021/12/10,梁宇,2021/12/11,2,,
1189,万岳在线教育系统WEB开源版(#202),/后台管理员模块(#152),后台登录(#423),UI测试  对于要求用户输入的内容是否明确。,,1. 用户输入的内容是否明确。,1. 明确,1,,3,其他,,正常,0,1,1,通过,梁宇,2021/12/10,梁宇,2021/12/11,2,,
1188,万岳在线教育系统WEB开源版(#202),/后台管理员模块(#152),后台登录(#423),UI测试 【确认】按钮是否放在【取消】按钮的左边。,,1. 观察【确认】按钮是否放在【取消】按钮的左边。,1. 是,1,,3,其他,,正常,0,1,1,通过,梁宇,2021/12/10,梁宇,2021/12/11,2,,
1187,万岳在线教育系统WEB开源版(#202),/后台管理员模块(#152),后台登录(#423),UI测试  录入界面中，有默认的光标定位，是否支持鼠标和键盘操作。,,1. 有默认的光标定位，是否支持鼠标和键盘操作。,1. 支持,1,,3,其他,,正常,0,1,1,通过,梁宇,2021/12/10,梁宇,2021/12/11,2,,
1186,万岳在线教育系统WEB开源版(#202),/后台管理员模块(#152),后台登录(#423),UI测试  必填项是否有特殊符号标识，如一般用红色*号表示。,,1.  必填项是否有特殊符号标识,1. 有,1,,3,其他,,正常,0,1,1,通过,梁宇,2021/12/10,梁宇,2021/12/11,2,,
1185,万岳在线教育系统WEB开源版(#202),/后台管理员模块(#152),后台登录(#423),UI测试  单名称、打开窗口的标题栏、权限名称等是否命名一致。,,1. 观察单名称、打开窗口的标题栏、权限名称等是否命名一致。,1. 一致,1,,3,其他,,正常,0,3,1,通过,梁宇,2021/12/10,梁宇,2021/12/11,2,,
1183,万岳在线教育系统WEB开源版(#202),/后台管理员模块(#152),后台登录(#423),UI测试  整体界面的美观性:窗口是否居中，按钮、文字、输入框等是否大小适中、排列整齐。,,1. 窗口是否居中,1. 居中,1,,3,其他,,正常,0,1,1,通过,梁宇,2021/12/10,梁宇,2021/12/11,2,,
1182,万岳在线教育系统WEB开源版(#202),/后台管理员模块(#152),后台内容管理(#424),UI测试  任务栏自动隐藏与不隐藏情况下的显示，整体的界面显示是否正确。,,1. 观察任务栏自动隐藏与不隐藏情况下的显示，整体的界面显示是否正确,1. 正确,1,,3,其他,,正常,0,1,1,通过,梁宇,2021/12/10,梁宇,2021/12/11,2,,
1181,万岳在线教育系统WEB开源版(#202),/后台管理员模块(#152),后台内容管理(#424),UI测试  窗口是否允许最小化、最大化、移动，提示信息等弹出窗口是否固定大小、不允许缩放。,,1. 对窗口进行最小化最大化移动操作，观察是否成功,1. 成功,1,,3,其他,,正常,0,1,1,通过,梁宇,2021/12/10,梁宇,2021/12/11,2,,
1180,万岳在线教育系统WEB开源版(#202),/后台管理员模块(#152),后台内容管理(#424),UI测试  对于要求用户输入的内容是否明确。,,1. 输入的内容是否明确,1. 明确,1,,3,其他,,正常,0,1,1,通过,梁宇,2021/12/10,梁宇,2021/12/11,2,,
1179,万岳在线教育系统WEB开源版(#202),/后台管理员模块(#152),后台内容管理(#424),UI测试 【确认】按钮是否放在【取消】按钮的左边。,,1. 观察【确认】按钮是否放在【取消】按钮的左边。,1. 是,1,,3,其他,,正常,0,1,1,通过,梁宇,2021/12/10,梁宇,2021/12/11,2,,
1178,万岳在线教育系统WEB开源版(#202),/后台管理员模块(#152),后台内容管理(#424),UI测试  录入界面中，有默认的光标定位，是否支持鼠标和键盘操作。,,1. 有默认的光标定位，是否支持鼠标和键盘操作,1. 支持,1,,3,其他,,正常,0,1,1,通过,梁宇,2021/12/10,梁宇,2021/12/11,2,,
1177,万岳在线教育系统WEB开源版(#202),/后台管理员模块(#152),后台内容管理(#424),UI测试  必填项是否有特殊符号标识，如一般用红色*号表示。,,1. 必填项是否有特殊符号标识,1. 有,1,,3,其他,,正常,0,1,1,通过,梁宇,2021/12/10,梁宇,2021/12/11,2,,
1176,万岳在线教育系统WEB开源版(#202),/后台管理员模块(#152),后台内容管理(#424),UI测试  单名称、打开窗口的标题栏、权限名称等命名是否一致。,,1. 单名称、打开窗口的标题栏、权限名称等命名是否一致,1. 一致,1,,3,其他,,正常,0,1,1,通过,梁宇,2021/12/10,梁宇,2021/12/11,2,,
1175,万岳在线教育系统WEB开源版(#202),/后台管理员模块(#152),后台内容管理(#424),UI测试  表格类:表头文字是否居中;列表中，文本类是否左对齐(相同字数或字数相差不大的列居中)，数字类右对齐(序号列居中)，日期居中。,,1. 表头文字是否居中,1. 居中,1,,3,其他,,正常,0,1,1,通过,梁宇,2021/12/10,梁宇,2021/12/11,2,,
1174,万岳在线教育系统WEB开源版(#202),/后台管理员模块(#152),后台内容管理(#424),UI测试  整体界面的美观性:窗口是否居中，按钮、文字、输入框等是否大小适中、排列整齐。,,1. 窗口是否居中,1. 窗口居中,1,,3,其他,,正常,0,1,1,通过,梁宇,2021/12/10,梁宇,2021/12/11,2,,
1172,万岳在线教育系统WEB开源版(#202),/后台管理员模块(#152),后台用户管理(#425),UI测试  窗口是否允许最小化、最大化、移动，但提示信息等弹出窗口一般固定大小、不允许缩放。,,1. 窗口是否允许最小化、最大化、移动，但提示信息等弹出窗口一般固定大小、不允许缩放。,1. 是,1,,3,其他,,正常,0,1,1,通过,梁宇,2021/12/10,梁宇,2021/12/11,2,,
1171,万岳在线教育系统WEB开源版(#202),/后台管理员模块(#152),后台用户管理(#425),UI测试  对于要求用户输入的内容是否明确,,1. 输入的内容是否明确,1. 明确,1,,3,其他,,正常,0,1,1,通过,梁宇,2021/12/10,梁宇,2021/12/11,2,,
1170,万岳在线教育系统WEB开源版(#202),/后台管理员模块(#152),后台用户管理(#425),UI测试 【确认】按钮是否放在【取消】按钮的左边。,,1. 【确认】按钮是否放在【取消】按钮的左边。,1. 是,1,,3,其他,,正常,0,1,1,通过,梁宇,2021/12/10,梁宇,2021/12/11,2,,
1169,万岳在线教育系统WEB开源版(#202),/后台管理员模块(#152),后台用户管理(#425),UI测试  录入界面中，有默认的光标定位，是否支持鼠标和键盘操作,,1. 有默认的光标定位，是否支持鼠标和键盘操作,1. 支持,1,,3,其他,,正常,0,1,1,通过,梁宇,2021/12/10,梁宇,2021/12/11,2,,
1168,万岳在线教育系统WEB开源版(#202),/后台管理员模块(#152),后台用户管理(#425),UI测试  必填项是否有特殊符号标识，如一般用红色*号表示。,,1. 观察必填项是否有特殊符号标识,1. 是,1,,3,其他,,正常,0,1,1,通过,梁宇,2021/12/10,梁宇,2021/12/11,2,,
1167,万岳在线教育系统WEB开源版(#202),/后台管理员模块(#152),后台用户管理(#425),UI测试  单名称、打开窗口的标题栏、权限名称等命名是否一致。,,1. 观察单名称、打开窗口的标题栏、权限名称等命名是否一致。,1. 一致,1,,3,其他,,正常,0,1,1,通过,梁宇,2021/12/10,梁宇,2021/12/11,2,,
1166,万岳在线教育系统WEB开源版(#202),/后台管理员模块(#152),后台用户管理(#425),UI测试  表格类:表头文字是否居中;列表中，文本类是否左对齐(相同字数或字数相差不大的列居中)，数字类右对齐(序号列居中)，日期居中。,,1. 观察表头文字是否居中,1. 居中,1,,3,其他,,正常,0,1,1,通过,梁宇,2021/12/10,梁宇,2021/12/11,2,,
1165,万岳在线教育系统WEB开源版(#202),/后台管理员模块(#152),后台用户管理(#425),UI测试  整体界面的美观性:窗口是否居中，按钮、文字、输入框等是否大小适中、排列整齐。,,1. 观察窗口是否居中,1. 窗口居中,1,,3,其他,,正常,0,2,1,通过,梁宇,2021/12/10,梁宇,2021/12/11,2,,
1164,万岳在线教育系统WEB开源版(#202),/后台管理员模块(#152),后台推送(#426),UI测试  任务栏自动隐藏与不隐藏情况下的显示，整体的界面显示是否正确。,,1. 观察任务栏自动隐藏与不隐藏情况下的显示，整体的界面显示是否正确。,1. 是,1,,3,其他,,正常,0,1,1,通过,梁宇,2021/12/10,梁宇,2021/12/11,2,,
1163,万岳在线教育系统WEB开源版(#202),/后台管理员模块(#152),后台推送(#426),UI测试  窗口是否允许最小化、最大化、移动，但提示信息等弹出窗口一般固定大小、不允许缩放,,1. 对窗口进行最小化、最大化、移动操作，观察是否成功,1. 成功,1,,3,其他,,正常,0,1,1,通过,梁宇,2021/12/10,梁宇,2021/12/11,2,,
1162,万岳在线教育系统WEB开源版(#202),/后台管理员模块(#152),后台推送(#426),UI测试  对于要求用户输入的内容是否明确。,,1. 用户输入的内容是否明确。,1. 明确,1,,3,其他,,正常,0,1,1,通过,梁宇,2021/12/10,梁宇,2021/12/11,2,,
1161,万岳在线教育系统WEB开源版(#202),/后台管理员模块(#152),后台推送(#426),UI测试 【确认】按钮是否放在【取消】按钮的左边。,,1. 观察【确认】按钮是否放在【取消】按钮的左边。,1. 是,1,,3,其他,,正常,0,1,1,通过,梁宇,2021/12/10,梁宇,2021/12/11,2,,
1160,万岳在线教育系统WEB开源版(#202),/后台管理员模块(#152),后台推送(#426),UI测试  录入界面中，有默认的光标定位，是否支持鼠标和键盘操作,,1. 观察录入界面中，有默认的光标定位，是否支持鼠标和键盘操作,1. 是,1,,3,其他,,正常,0,1,1,通过,梁宇,2021/12/10,梁宇,2021/12/11,2,,
1158,万岳在线教育系统WEB开源版(#202),/后台管理员模块(#152),后台推送(#426),UI测试  单名称、打开窗口的标题栏、权限名称等命名是否一致。,,1. 观察单名称、打开窗口的标题栏、权限名称等命名是否一致,1. 一致,1,,3,其他,,正常,0,1,1,通过,梁宇,2021/12/10,梁宇,2021/12/11,2,,
1156,万岳在线教育系统WEB开源版(#202),/后台管理员模块(#152),后台推送(#426),UI测试  整体界面的美观性:窗口是否居中，按钮、文字、输入框等是否大小适中、排列整齐。,,1. 窗口与窗口互相浏览,1. 窗口居中,1,,3,其他,,正常,0,1,1,通过,梁宇,2021/12/10,梁宇,2021/12/11,2,,
1154,万岳在线教育系统WEB开源版(#202),/讲师模块(#151),讲师直播课堂(#490),UI测试  窗口是否允许最小化、最大化、移动，提示信息等弹出窗口是否固定大小、不允许缩放,,1. 对窗口进行最小化操作，观察是否成功,1. 成功,1,,3,其他,,正常,0,1,1,通过,梁宇,2021/12/10,梁宇,2021/12/11,2,,
1153,万岳在线教育系统WEB开源版(#202),/讲师模块(#151),讲师直播课堂(#490),UI测试  对于要求用户输入的内容是否明确。,,,,,,3,其他,,正常,0,1,0,通过,梁宇,2021/12/10,梁宇,2021/12/10,1,,
1152,万岳在线教育系统WEB开源版(#202),/讲师模块(#151),讲师直播课堂(#490),UI测试 【确认】按钮是否放在【取消】按钮的左边。,,1. 观察确认】按钮是否放在【取消】按钮的左边。,1. 是,1,,3,其他,,正常,0,1,1,通过,梁宇,2021/12/10,梁宇,2021/12/11,2,,
1151,万岳在线教育系统WEB开源版(#202),/讲师模块(#151),讲师直播课堂(#490),UI测试  录入界面中，有默认的光标定位，是否支持鼠标和键盘操作。,,"1. 观察有默认的光标定位，是否支持鼠标
2. 观察有默认的光标定位，是否支持键盘操作","1. 是
2. 是","1. 
2.",,3,其他,,正常,0,1,2,通过,梁宇,2021/12/10,梁宇,2021/12/11,2,,
1149,万岳在线教育系统WEB开源版(#202),/讲师模块(#151),讲师直播课堂(#490),UI测试  单名称、打开窗口的标题栏、权限名称等命名是否一致。,,"1. 观察单名称与标题栏命名是否一致
2. 观察单名称、打开窗口的标题栏、权限名称等命名是否一致。","1. 是
2. 是","1. 
2.",,3,其他,,正常,0,1,2,通过,梁宇,2021/12/10,梁宇,2021/12/11,2,,
986,万岳在线教育系统WEB开源版(#202),/学生模块(#150),学生登录及注册(#418),学生用未注册的手机号和错误的验证码注册,手机号未注册,1. 点击登录-注册，输入未注册的手机号和错误的验证码,1. 提示验证码错误,符合预期结果1. 符合预期结果,,3,安全相关,"
功能测试阶段",正常,0,1,1,通过,朱霄涵,2021/12/10,朱霄涵,2021/12/10,1,,
981,万岳在线教育系统WEB开源版(#202),/学生模块(#150),学生登录及注册(#418),学生用已注册的手机号注册,手机号已注册,1. 点击登录-注册，输入已注册的手机号,1. 提示该手机号已注册，请更换手机号，注册失败，停留在注册界面,符合预期结果1. 符合预期结果,,3,安全相关,"
功能测试阶段",正常,0,1,1,通过,朱霄涵,2021/12/10,朱霄涵,2021/12/10,1,,
980,万岳在线教育系统WEB开源版(#202),/学生模块(#150),学生登录及注册(#418),学生用未注册的手机号登录,手机号未注册,1. 点击登录，输入未注册的手机号,1. 提示账号或密码错误，登录失败,符合预期结果1. 符合预期结果,,3,安全相关,"
功能测试阶段",正常,0,1,1,通过,朱霄涵,2021/12/10,朱霄涵,2021/12/10,1,,
979,万岳在线教育系统WEB开源版(#202),/讲师模块(#151),讲师直播课堂(#490),UI测试-必填项是否有特殊符号标识，如一般用红色*号表示,,"1. 观察是否有必填项
2. 观察必填项是否有特殊符号标识","1. 有
2. 有","1. 
2.",,3,其他,,正常,0,1,2,通过,燕子,2021/12/10,梁宇,2021/12/11,2,,
975,万岳在线教育系统WEB开源版(#202),/学生模块(#150),学生登录及注册(#418),学生用正确的手机号和正确的验证码登录,手机号已注册,1. 点击登录，输入正确的手机号和正确的验证码,1. 提示登陆成功,1,,3,安全相关,"
功能测试阶段",正常,0,2,1,通过,朱霄涵,2021/12/10,朱霄涵,2021/12/10,1,,
970,万岳在线教育系统WEB开源版(#202),/讲师模块(#151),讲师登录(#411),UI测试-必填项是否有特殊符号标识，如一般用红色*号表示,,1. 观察必填项是否有特殊符号标识,1. 是,1,,3,其他,,正常,0,2,1,通过,燕子,2021/12/10,梁宇,2021/12/11,2,,
967,万岳在线教育系统WEB开源版(#202),/学生模块(#150),学生登录及注册(#418),学生用正确的手机号和错误的验证码登录,手机号已注册,1. 点击登录，输入正确的手机号和错误的密码,1. 提示验证码错误，登录失败,1,,3,安全相关,"
功能测试阶段",正常,0,2,1,通过,朱霄涵,2021/12/10,朱霄涵,2021/12/10,1,,
966,万岳在线教育系统WEB开源版(#202),/学生模块(#150),学生登录及注册(#418),学生用错误的手机号和错误的密码登录,手机号已注册，但和密码不匹配,1. 点击登录，输入错误的手机号和错误的密码,1. 提示用户名或密码错误，登录失败,符合预期结果1. 符合预期结果,,3,安全相关,"
功能测试阶段",正常,0,1,1,通过,朱霄涵,2021/12/10,朱霄涵,2021/12/10,1,,
962,万岳在线教育系统WEB开源版(#202),/学生模块(#150),学生登录及注册(#418),学生用错误的手机号和正确的密码登录,手机号已注册，但和密码不匹配,1. 点击登录，学生用错误的手机号和正确的密码登录,1. 提示用户名或密码错误，登录失败,符合预期结果1. 符合预期结果,,3,安全相关,"
功能测试阶段",正常,0,1,1,通过,朱霄涵,2021/12/10,朱霄涵,2021/12/10,1,,
958,万岳在线教育系统WEB开源版(#202),/学生模块(#150),学生登录及注册(#418),学生用正确的手机号和错误的密码登录,手机号已注册前端,1. 点击登录，输入正确的手机号和错误的密码,1. 提示用户名或密码错误，登录失败,符合预期结果1. 符合预期结果,,3,安全相关,"
功能测试阶段",正常,0,1,1,通过,朱霄涵,2021/12/10,朱霄涵,2021/12/10,1,,
956,万岳在线教育系统WEB开源版(#202),/学生模块(#150),学生登录及注册(#418),学生用正确的手机号和正确的密码登录,手机号已注册前端,1. 登录输入正确的手机号和正确的密码,1. 提示登陆成功,符合预期结果1. 符合预期结果,登录,3,安全相关,"
功能测试阶段",正常,0,1,1,通过,朱霄涵,2021/12/10,朱霄涵,2021/12/10,1,,
939,万岳在线教育系统WEB开源版(#202),/后台管理员模块(#152),后台内容管理(#424),删除有子分类的分类,管理员登录后台管理系统成功,"1. 点击内容管理-分类管理
2. 勾选有子分类的分类，点击删除
3. 点击确定","1. 跳转到分类管理界面
2. 弹出窗口提示“确定要删除吗”
3. 弹出窗口提示“此分类有子分类无法删除”，删除失败，分类列表不变","符合预期结果1. 符合预期结果
2. 符合预期结果
3. 符合预期结果",子分类,3,其他,"
功能测试阶段",正常,0,1,3,通过,朱霄涵,2021/12/10,,0000-00-00,1,,
888,万岳在线教育系统WEB开源版(#202),/后台管理员模块(#152),后台内容管理(#424),添加页面必输项检查-标题为空,管理员登录后台管理系统成功,"1. 点击内容管理-页面管理
2. 点击添加页面
3. 不填页面标题，点击添加","1. 跳转到页面管理界面
2. 跳转到页面编辑界面
3. 焦点自动定位到页面标题框，添加页面失败","符合预期结果1. 符合预期结果
2. 符合预期结果
3. 符合预期结果",必输项,3,其他,"
功能测试阶段",正常,0,1,3,通过,朱霄涵,2021/12/10,,0000-00-00,1,,
886,万岳在线教育系统WEB开源版(#202),/后台管理员模块(#152),后台内容管理(#424),添加分类必输项检查-分类名称为空,管理员登录后台管理系统成功,"1. 点击内容管理-分类管理
2. 点击添加分类
3. 不填分类名称，点击添加","1. 跳转到分类管理界面
2. 跳转到分类编辑界面
3. 焦点自动定位到分类名称框","符合预期结果1. 符合预期结果
2. 符合预期结果
3. 符合预期结果",必输项,3,其他,"
功能测试阶段",正常,0,1,3,通过,朱霄涵,2021/12/10,朱霄涵,2021/12/10,1,,
885,万岳在线教育系统WEB开源版(#202),/后台管理员模块(#152),后台内容管理(#424),添加分类必输项检查-上级,管理员登录后台管理系统成功,"1. 点击内容管理-分类管理
2. 点击添加分类
3. 不填上级，点击添加","1. 跳转到分类界面
2. 跳转到分类编辑界面
3. 焦点自动定位到分类框，添加分类失败","符合预期结果1. 符合预期结果
2. 符合预期结果
3. 符合预期结果",必输项,3,其他,"
功能测试阶段",正常,0,1,3,通过,朱霄涵,2021/12/10,朱霄涵,2021/12/10,1,,
879,万岳在线教育系统WEB开源版(#202),/后台管理员模块(#152),后台内容管理(#424),添加文章必输项检查-文章标题为空,管理员登录后台管理系统成功,"1. 点击内容管理-文章管理
2. 点击添加文章
3. 不填文章标题，点击添加","1. 跳转到文章管理界面
2. 跳转到文章编辑界面
3. 焦点自动定位到到文章标题框，添加失败","符合预期结果1. 
2. 
3.",添加文章,3,其他,"
功能测试阶段",正常,0,1,3,通过,朱霄涵,2021/12/10,朱霄涵,2021/12/10,2,,
878,万岳在线教育系统WEB开源版(#202),/后台管理员模块(#152),后台内容管理(#424),添加文章必输项检查-文章分类为空,管理员登录后台管理系统成功,"1. 点击内容管理-文章管理
2. 点击添加文章
3. 不选文章分类，点击保存","1. 跳转到文章管理界面
2. 跳转到文章编辑界面
3. 焦点自动定位到到分类框，文章保存失败","符合预期结果1. 
2. 
3.",添加文章,3,其他,"
功能测试阶段",正常,0,1,3,通过,朱霄涵,2021/12/10,朱霄涵,2021/12/10,2,,
875,万岳在线教育系统WEB开源版(#202),/学生模块(#150),学生账号设置个性化(#498),输入的昵称为0个字符,学生登录成功，进入个人设置界面,1. 输入的昵称为0个字符，点击保存,1. 提示信息错误，修改失败，停留在修改界面,符合预期结果1. 符合预期结果,修改昵称,3,其他,"
功能测试阶段",正常,0,1,1,通过,朱霄涵,2021/12/10,,0000-00-00,1,,
874,万岳在线教育系统WEB开源版(#202),/学生模块(#150),学生账号设置个性化(#498),输入的昵称长度大于10个字符,学生登录成功，进入账号设置界面,1. 输入大于10个字符的昵称，点击保存,1. 提示昵称最多10个字，修改失败，停留在修改界面,符合预期结果1. 符合预期结果,,3,其他,"
功能测试阶段",正常,0,1,1,通过,朱霄涵,2021/12/10,,0000-00-00,1,,
871,万岳在线教育系统WEB开源版(#202),/后台管理员模块(#152),后台内容管理(#424),取消发布文章,管理员登录后台管理系统成功,"1. 点击内容管理-文章管理
2. 勾选文章列表中的文章，点击取消发布","1. 跳转到文章管理界面
2. 提示取消发布成功，不更新发布时间，状态为x","符合预期结果1. 符合预期结果
2. 符合预期结果",取消发布文章,3,功能测试,"
功能测试阶段",正常,0,1,2,通过,朱霄涵,2021/12/10,,0000-00-00,1,,
868,万岳在线教育系统WEB开源版(#202),/学生模块(#150),学生账号设置个性化(#498),修改头像,学生成功登录，进入首页-头像-我的课程,"1. 点击首页右上角的头像图标
2. 点击我的课程
3. 点击账号设置
4. 点击上传图片按钮
5. 选择图片
6. 点击保存","1. 头像下面显示我的课程按钮
2. 进入个人界面
3. 显示头像修改界面-上传图片按钮
4. 弹出本地图库
5. 提示操作成功
6. 头像更新","符合预期结果1. 
2. 
3. 
4. 
5. 
6.",头像,3,功能测试,"
功能测试阶段",正常,0,1,6,通过,朱霄涵,2021/12/10,朱霄涵,2021/12/10,3,,
867,万岳在线教育系统WEB开源版(#202),/学生模块(#150),学生账号设置个性化(#498),修改昵称,学生登录成功，点击首页右上角的头像,"1. 点击首页右上角的头像
2. 点击我的课程
3. 点击账号设置
4. 输入新昵称，点击保存","1. 头像下面显示我的课程按钮
2. 进入个人界面
3. 显示昵称输入框
4. 提示操作成功，昵称更新","符合预期结果1. 符合预期结果
2. 符合预期结果
3. 符合预期结果
4. 符合预期结果",昵称,3,功能测试,"
功能测试阶段",正常,0,1,4,通过,朱霄涵,2021/12/10,朱霄涵,2021/12/10,2,,
866,万岳在线教育系统WEB开源版(#202),/学生模块(#150),学生首页(#419),点击个人头像-退出登录,学生登录成功,"1. 点击首页右上角的头像
2. 点击退出登录","1. 头像下面显示退出登录按钮
2. 提示退出成功","符合预期结果1. 符合预期结果
2. 符合预期结果",退出登录,1,功能测试,"
功能测试阶段",正常,0,1,2,通过,朱霄涵,2021/12/10,朱霄涵,2021/12/10,2,,
865,万岳在线教育系统WEB开源版(#202),/学生模块(#150),学生首页(#419),点击个人头像-我的课程,学生登录成功,"1. 点击首页右上角的头像
2. 点击我的课程","1. 头像下面显示我的课程按钮
2. 进入个人界面","符合预期结果1. 符合预期结果
2. 符合预期结果",个人界面,3,功能测试,"
功能测试阶段",正常,0,1,2,通过,朱霄涵,2021/12/10,朱霄涵,2021/12/10,2,,
864,万岳在线教育系统WEB开源版(#202),/学生模块(#150),学生首页(#419),点击个人头像,学生登录成功,1. 点击・首页右上角的个人头像,1. 头像下面显示年级、我的课程、退出登录三个按钮,符合预期结果1. 符合预期结果,我的,3,功能测试,"
功能测试阶段",正常,0,1,1,通过,朱霄涵,2021/12/10,朱霄涵,2021/12/10,2,,
863,万岳在线教育系统WEB开源版(#202),/学生模块(#150),学生首页(#419),填写搜索框，点击搜索,学生登录成功,"1. 点击搜索框
2. 输入搜索内容后点击搜索","1. 可输入文字内容
2. 显示搜索出的课程图片","符合预期结果1. 符合预期结果
2. 符合预期结果",搜索,3,功能测试,"
功能测试阶段",正常,0,1,2,通过,朱霄涵,2021/12/10,朱霄涵,2021/12/10,2,,
862,万岳在线教育系统WEB开源版(#202),/学生模块(#150),学生首页(#419),点击app下载,学生登录成功,1. 点击app下载按钮,1. 跳转到下载界面，显示二维码,符合预期结果1. 符合预期结果,下载,3,功能测试,"
功能测试阶段",正常,0,1,1,通过,朱霄涵,2021/12/10,朱霄涵,2021/12/10,2,,
861,万岳在线教育系统WEB开源版(#202),/学生模块(#150),学生首页(#419),点击选课中心,学生登录成功,1. 点击选课中心按钮,1. 跳转到选课界面，可勾选学段、年级、类别分类,符合预期结果1. 符合预期结果,选课,3,功能测试,"
功能测试阶段",正常,0,1,1,通过,朱霄涵,2021/12/10,朱霄涵,2021/12/10,2,,
860,万岳在线教育系统WEB开源版(#202),/学生模块(#150),学生首页(#419),点击首页,学生登录成功,1. 点击首页按钮,1. 返回到首页,符合预期结果1. 符合预期结果,首页,3,功能测试,"
功能测试阶段",正常,0,1,1,通过,朱霄涵,2021/12/10,朱霄涵,2021/12/10,2,,
859,万岳在线教育系统WEB开源版(#202),/学生模块(#150),学生精选内容(#420),点击精选内容展示的课程图片,学生登录成功,1. 点击精选内容展示的课程图片,1. 跳转到被点击的课程详情界面,符合预期结果1. 符合预期结果,精选内容,3,功能测试,"
功能测试阶段",正常,0,1,1,通过,朱霄涵,2021/12/10,朱霄涵,2021/12/10,2,,
857,万岳在线教育系统WEB开源版(#202),/学生模块(#150),学生直播课堂(#421),点击直播课堂的课程图片,学生登录成功,1. 点击直播课堂的课程图片,1. 跳转到被点击的课程详情界面,符合预期结果1. 符合预期结果,直播课堂,3,功能测试,"
功能测试阶段",正常,0,1,1,通过,朱霄涵,2021/12/10,朱霄涵,2021/12/10,2,,
855,万岳在线教育系统WEB开源版(#202),/学生模块(#150),学生选课中心(#422),勾选学段、年级、类别,学生登录成功,1. 勾选学段、年级、类别的选项,1. 显示属于不同分类的课程图片,符合预期结果1. 符合预期结果,分类,3,功能测试,"
功能测试阶段",正常,0,1,1,通过,朱霄涵,2021/12/10,朱霄涵,2021/12/10,2,,
853,万岳在线教育系统WEB开源版(#202),/后台管理员模块(#152),后台内容管理(#424),删除页面,管理员登录后台管理系统成功,"1. 点击内容管理-页面管理
2. 点击删除
3. 点击确定","1. 跳转到页面管理界面
2. 弹出提示“确定要删除吗”的窗口
3. 提示删除成功，被删除的页面从页面列表里消失","符合预期结果1. 符合预期结果
2. 符合预期结果
3. 符合预期结果",删除页面,3,功能测试,"
功能测试阶段",正常,0,1,3,通过,朱霄涵,2021/12/10,朱霄涵,2021/12/10,2,,
852,万岳在线教育系统WEB开源版(#202),/后台管理员模块(#152),后台内容管理(#424),编辑页面,管理员登录后台管理系统成功,"1. 点击内容管理-页面管理
2. 点击编辑
3. 点击保存","1. 跳转到页面管理界面
2. 跳转到页面编辑界面
3. 提示保存成功，页面内容更新","符合要求结果1. 符合要求结果
2. 符合预期结果
3. 符合预期结果",页面,3,功能测试,"
功能测试阶段",正常,0,1,3,通过,朱霄涵,2021/12/10,朱霄涵,2021/12/10,2,,
851,万岳在线教育系统WEB开源版(#202),/后台管理员模块(#152),后台内容管理(#424),添加页面,管理员登录后台系统成功,"1. 点击内容管理-页面管理
2. 点击添加页面
3. 点击保存","1. 跳转到页面管理界面
2. 跳转到页面编辑界面
3. 提示添加成功，添加的页面出现在页面列表里","符合预期结果1. 符合预期结果
2. 符合预期结果
3. 符合预期结果",添加页面,3,功能测试,"
功能测试阶段",正常,0,1,3,通过,朱霄涵,2021/12/10,朱霄涵,2021/12/10,2,,
850,万岳在线教育系统WEB开源版(#202),/后台管理员模块(#152),后台内容管理(#424),删除分类,管理员登录后台管理系统成功,"1. 点击内容管理-分类管理
2. 点击删除
3. 点击确定","1. 跳转到分类管理界面
2. 弹出窗口提示“确定要删除吗”
3. 提示“删除成功”或“此分类有子类无法删除”，被操作的分类消失在分类列表中或仍存在分类列表中","符合预期结果1. 
2. 
3.",删除分类,3,功能测试,"
功能测试阶段",正常,0,1,3,通过,朱霄涵,2021/12/10,朱霄涵,2021/12/10,3,,
849,万岳在线教育系统WEB开源版(#202),/后台管理员模块(#152),后台内容管理(#424),编辑分类,管理员登录后台管理系统成功,"1. 点击内容管理-分类管理
2. 点击编辑
3. 点击保存","1. 跳转到分类管理界面
2. 跳转到分类编辑界面
3. 提示保存成功，分类内容更新","符合预期结果1. 符合预期结果
2. 符合预期结果
3. 符合预期结果",编辑分类,3,功能测试,"
功能测试阶段",正常,0,1,3,通过,朱霄涵,2021/12/10,朱霄涵,2021/12/10,2,,
848,万岳在线教育系统WEB开源版(#202),/后台管理员模块(#152),后台内容管理(#424),添加分类,管理员登录后台管理系统成功,"1. 点击内容管理-分类管理
2. 点击添加分类
3. 点击保存","1. 跳转到分类管理界面
2. 跳转到分类编辑界面
3. 提示添加成功，添加的分类出现在分类列表里","符合预期结果1. 符合预期结果
2. 符合预期结果
3. 符合预期结果",添加分类,3,功能测试,"
功能测试阶段",正常,0,1,3,通过,朱霄涵,2021/12/10,朱霄涵,2021/12/10,2,,
847,万岳在线教育系统WEB开源版(#202),/后台管理员模块(#152),后台内容管理(#424),后台搜索,管理员登录后台管理系统成功,"1. 点击搜索框
2. 输入要搜索的内容，点击搜索","1. 可输入文字内容
2. 显示搜索出的结果","符合预期结果1. 符合预期结果
2. 符合预期结果",搜索,3,功能测试,"
功能测试阶段",正常,0,1,2,通过,朱霄涵,2021/12/10,朱霄涵,2021/12/10,2,,
846,万岳在线教育系统WEB开源版(#202),/后台管理员模块(#152),后台内容管理(#424),添加文章,管理员登录后台管理系统成功,"1. 点击内容管理-文章管理
2. 点击添加文章
3. 点击添加","1. 跳转到文章管理界面
2. 跳转到文章编辑界面
3. 提示添加成功，添加的文章出现在文章列表里","符合预期结果1. 符合预期结果
2. 符合预期结果
3. 符合预期结果",添加文章,3,功能测试,"
功能测试阶段",正常,0,1,3,通过,朱霄涵,2021/12/10,朱霄涵,2021/12/10,2,,
845,万岳在线教育系统WEB开源版(#202),/后台管理员模块(#152),后台内容管理(#424),发布文章,管理员登录后台管理系统成功,"1. 点击内容管理-文章管理
2. 勾选文章列表中的文章，点击发布","1. 跳转到文章管理界面
2. 提示发布成功，更新发布时间，状态为√","符合预期结果1. 符合预期结果
2. 符合预期结果",发布文章,3,功能测试,"
功能测试阶段",正常,0,1,2,通过,朱霄涵,2021/12/10,朱霄涵,2021/12/10,2,,
844,万岳在线教育系统WEB开源版(#202),/后台管理员模块(#152),后台内容管理(#424),删除文章,管理员登录后台管理系统成功,"1. 点击内容管理-文章管理
2. 点击删除
3. 点击确定","1. 跳转到文章管理界面
2. 弹出窗口提示“确定要删除吗”
3. 提示删除成功，被删除的文章从文章列表中消失","符合预期结果1. 符合预期结果
2. 符合预期结果
3. 符合预期结果",删除文章,3,功能测试,"
功能测试阶段",正常,0,1,3,通过,朱霄涵,2021/12/10,朱霄涵,2021/12/10,2,,
843,万岳在线教育系统WEB开源版(#202),/后台管理员模块(#152),后台内容管理(#424),编辑文章,管理员登录后台管理系统成功,"1. 点击内容管理-文章管理
2. 点击编辑
3. 点击保存","1. 跳转到文章管理界面
2. 跳转到文字编辑界面
3. 提示保存成功，文章内容更新","符合预期结果1. 符合预期结果
2. 符合预期结果
3. 符合预期结果",编辑文章,3,功能测试,"
功能测试阶段",正常,0,1,3,通过,朱霄涵,2021/12/10,朱霄涵,2021/12/10,2,,
840,万岳在线教育系统WEB开源版(#202),/后台管理员模块(#152),后台用户管理(#425),取消用户讲师资格,管理员登录后台系统成功,"1. 点击用户管理-教师列表
2. 点击取消讲师
3. 点击确定","1. 跳转到教师列表
2. 弹出窗口提示“确定取消讲师”
3. 提示取消成功，被取消讲师的用户从讲师列表中消失，回到用户列表中","符合预期结果1. 符合预期结果
2. 符合预期结果
3. 符合预期结果",取消讲师,3,功能测试,"
功能测试阶段",正常,0,1,3,通过,朱霄涵,2021/12/10,朱霄涵,2021/12/10,2,,
839,万岳在线教育系统WEB开源版(#202),/后台管理员模块(#152),后台用户管理(#425),设置用户为讲师,管理员・登录・后台管理系统成功,"1. 点击用户管理-用户列表
2. 点击设置为讲师
3. 点击确实","1. 跳转到用户列表界面
2. 弹出窗口提示“确定设置讲师”
3. 提示设置讲师成功，被设置讲师的用户出现在教师列表中","符合预期结果1. 符合预期结果
2. 符合预期结果
3. 符合预期结果",设置为讲师,3,功能测试,"
功能测试阶段",正常,0,1,3,通过,朱霄涵,2021/12/10,朱霄涵,2021/12/10,2,,
838,万岳在线教育系统WEB开源版(#202),/后台管理员模块(#152),后台用户管理(#425),拉黑用户,管理员登录后台管理系统成功,"1. 点击用户管理-用户列表/教师列表
2. 点击拉黑
3. 点击确定","1. 跳转到用户列表/教师列表界面
2. 弹出窗口提示“您确定要拉黑此用户吗”
3. 提示拉黑成功，被拉黑的用户功能受限，无法正常使用，状态为已拉黑","符合预期结果1. 符合预期结果
2. 符合预期结果
3. 符合预期结果",拉黑,3,功能测试,"
功能测试阶段",正常,0,1,3,通过,朱霄涵,2021/12/10,朱霄涵,2021/12/10,2,,
837,万岳在线教育系统WEB开源版(#202),/后台管理员模块(#152),后台用户管理(#425),删除用户,管理员登录后台管理系统成功,"1. 点击用户管理-用户列表/教师列表
2. 点击删除
3. 点击确定","1. 跳转到用户列表/教师列表
2. 弹出窗口提示“确定要删除吗”
3. 提示删除成功，被删除的用户消失在用户列表中","符合预期结果1. 符合预期结果
2. 符合预期结果
3. 符合预期结果",删除用户,3,功能测试,"
功能测试阶段",正常,0,1,3,通过,朱霄涵,2021/12/10,朱霄涵,2021/12/10,2,,
836,万岳在线教育系统WEB开源版(#202),/后台管理员模块(#152),后台用户管理(#425),编辑用户信息,管理员登录后台管理系统成功,"1. 点击用户管理-用户列表/教师列表
2. 点击编辑
3. 点击保存","1. 跳转到用户列表/教师列表
2. 跳转到用户信息编辑界面
3. 提示保存成功，用户的信息同时更新到后端和前端","符合预期结果1. 符合预期结果
2. 符合预期结果
3. 符合预期结果",编辑用户,3,功能测试,"
功能测试阶段",正常,0,1,3,通过,朱霄涵,2021/12/10,朱霄涵,2021/12/10,2,,
828,万岳在线教育系统WEB开源版(#202),/后台管理员模块(#152),后台推送(#426),推送对象有，推送内容为空,管理员登录后台管理系统成功,"1. 点击推送
2. 填写推送对象，不填推送内容","1. 弹出推送编辑窗口
2. 提示推送内容为必填项","符合预期结果1. 符合预期结果
2. 符合预期结果",推送,3,功能测试,"
功能测试阶段",正常,0,1,2,通过,朱霄涵,2021/12/10,朱霄涵,2021/12/10,2,,
827,万岳在线教育系统WEB开源版(#202),/后台管理员模块(#152),后台推送(#426),推送对象有，推送内容有,管理员成功登录后台管理系统,"1. 点击推送
2. 填写推送对象，填写推送内容","1. 弹出推送编辑窗口
2. 提示推送成功，记录显示推送对象为填写的用户","符合预期结果1. 
2.",推送,3,功能测试,"
功能测试阶段",正常,0,1,2,失败,朱霄涵,2021/12/10,朱霄涵,2021/12/10,3,,
826,万岳在线教育系统WEB开源版(#202),/后台管理员模块(#152),后台推送(#426),推送对象为空，推送内容为空,管理员成功登录后台管理系统,"1. 点击推送
2. 不填推送对象和推送内容","1. 弹出推送编辑窗口
2. 提示推送内容不能为空","符合预期结果1. 符合预期结果
2. 符合预期结果",推送,3,功能测试,"
功能测试阶段",正常,0,1,2,通过,朱霄涵,2021/12/10,朱霄涵,2021/12/10,2,,
825,万岳在线教育系统WEB开源版(#202),/后台管理员模块(#152),后台推送(#426),推送对象为空，推送内容有,管理员成功登录后台管理系统,"1. 点击推送
2. 不填推送对象，填写推送内容","1. 弹出推送编辑窗口
2. 提示推送成功，记录显示推送对象为全部会员","符合预期结果1. 符合预期结果
2. 提示不明确，记录显示符合预期结果",推送,3,功能测试,"
功能测试阶段",正常,0,1,2,失败,朱霄涵,2021/12/10,朱霄涵,2021/12/10,2,,
750,万岳在线教育系统WEB开源版(#202),/讲师模块(#151),讲师登录(#411), 讲师登录界面输入正确的验证码和手机号点击登录是否跳至相应界面,,"1.  讲师登录界面输入正确的验证码
2.  讲师登录界面输入正确的手机号
3. 点击登录","1. 
2. 
3. 跳至相应界面","1. 
2. 
3.",,3,功能测试,,正常,0,1,3,通过,燕子,2021/12/9,燕子,2021/12/10,2,,
749,万岳在线教育系统WEB开源版(#202),/讲师模块(#151),讲师登录(#411), 讲师登录界面点击获取验证码是否手机是否能接受到验证码,,"1.  讲师登录界面输入手机号
2.  讲师登录界面点击获取验证码","1. 
2. 手机接受到验证码","1. 
2.",,3,功能测试,,正常,0,1,2,通过,燕子,2021/12/9,燕子,2021/12/10,2,,
748,万岳在线教育系统WEB开源版(#202),/讲师模块(#151),讲师登录(#411), 讲师登录界面输入手机号是否能判断是否是手机号范围,,"1. 讲师登录界面输入超出13位手机号
2.  讲师登录界面输入小于13位手机号
3.  讲师登录界面输入等于13位手机号","1. 提示失败
2. 提示失败
3. 提示成功2秒后跳转下个界面","1. 
2. 
3.",,3,功能测试,,正常,0,1,3,通过,燕子,2021/12/9,燕子,2021/12/10,2,,
747,万岳在线教育系统WEB开源版(#202),/讲师模块(#151),讲师登录(#411), 讲师登录界面点击验证码登录是否跳转至相应界面,,1.  讲师登录界面点击验证码登录选项,1. 跳转至相应界面,1,,3,功能测试,,正常,0,1,1,通过,燕子,2021/12/9,燕子,2021/12/10,2,,
743,万岳在线教育系统WEB开源版(#202),/讲师模块(#151),讲师账号(#417),讲师账号能否正常显示更改后的昵称,,1. 更改讲师账号昵称,1. 跳入下个界面并正常显示昵称,没有更改昵称选项1. 没有更改昵称选项,,3,功能测试,,正常,0,1,1,阻塞,燕子,2021/12/9,燕子,2021/12/10,2,,
742,万岳在线教育系统WEB开源版(#202),/讲师模块(#151),讲师账号(#417),讲师账号能否正常显示更改后的头像,,1. 讲师账号更改头像,1. 讲师账号正常显示更改后的头像,没有更改头像选项1. 没有更改头像选项,,3,功能测试,,正常,0,1,1,阻塞,燕子,2021/12/9,燕子,2021/12/10,2,,
741,万岳在线教育系统WEB开源版(#202),/讲师模块(#151),讲师账号(#417),讲师账号能否正常显示更改昵称,,1. 查看讲师账号界面,1. 讲师账号正常显示更改昵称选项,没有更改昵称选项1. 没有更改昵称选项,,3,功能测试,,正常,0,1,1,阻塞,燕子,2021/12/9,燕子,2021/12/10,4,,
740,万岳在线教育系统WEB开源版(#202),/讲师模块(#151),讲师账号(#417),讲师账号能否正常显示更改头像,,1. 查看讲师账号首页,1. 正常显示更改头像选项,没有更改头像选项1. 没有更改头像选项,,3,功能测试,,正常,0,1,1,阻塞,燕子,2021/12/9,燕子,2021/12/10,2,,
739,万岳在线教育系统WEB开源版(#202),/讲师模块(#151),讲师账号(#417),讲师账号能否正常显示当前昵称,,1. 查看讲师账号,1. 显示正确的当前昵称,1,,3,功能测试,,正常,0,1,1,通过,燕子,2021/12/9,燕子,2021/12/10,2,,
738,万岳在线教育系统WEB开源版(#202),/讲师模块(#151),讲师账号(#417),讲师账号能否正常显示当前头像,,1. 查看讲师账号,1. 正确显示当前头像,1,,3,功能测试,,正常,0,1,1,通过,燕子,2021/12/9,燕子,2021/12/10,2,,
730,万岳在线教育系统WEB开源版(#202),/讲师模块(#151),视频大班课(#415), 视频大班课能否正常显示ppt图片课件,,"1. 进入 视频大班课界面
2. 上传PPT课件","1. 
2. 跳入上传课件后的网页","1. 
2.",,3,功能测试,,正常,0,1,2,通过,燕子,2021/12/9,燕子,2021/12/10,2,,
729,万岳在线教育系统WEB开源版(#202),/讲师模块(#151),视频大班课(#415),视频大班课能否正常与学生进行文字交流,,"1. 视频大班课讨论区输入消息
2. 点击发送","1. 
2. 讨论区显示消息","1. 
2.",,3,功能测试,,正常,0,1,2,通过,燕子,2021/12/9,燕子,2021/12/10,3,,
728,万岳在线教育系统WEB开源版(#202),/讲师模块(#151),视频大班课(#415), 视频大班课能否正常进行屏幕分享,,"1. 视频大班课点击屏幕分享选项
2. 授予权限","1. 
2. 显示教师屏幕并开始直播","1. 
2.",,3,功能测试,,正常,0,1,2,通过,燕子,2021/12/9,燕子,2021/12/10,2,,
727,万岳在线教育系统WEB开源版(#202),/讲师模块(#151),视频大班课(#415), 视频大班课能否正常上传ppt图片课件,,,,,,3,功能测试,,正常,0,1,0,通过,燕子,2021/12/9,,0000-00-00,1,,
726,万岳在线教育系统WEB开源版(#202),/讲师模块(#151),视频大班课(#415), 视频大班课能否正常开启摄像头,,"1. 视频大班课点击开启摄像头选项
2. 授予摄像头权限","1. 
2. 显示老师摄像头所录制的内容","1. 
2.",,3,功能测试,,正常,0,1,2,通过,燕子,2021/12/9,燕子,2021/12/10,2,,
719,万岳在线教育系统WEB开源版(#202),/讲师模块(#151),语音大班课(#416),语音大班课能否正常显示课程名称,,1. 查看视频大班课上侧,1. 显示当前视频大班课的名称,1,,3,功能测试,,正常,0,2,1,通过,燕子,2021/12/9,燕子,2021/12/10,2,,
718,万岳在线教育系统WEB开源版(#202),/讲师模块(#151),语音大班课(#416),语音大班课讲师能否正常对学生输出讨论区内容,,"1. 语音大班课讲师讨论区输入消息
2. 点击发送
3. 学生查看讨论区","1. 
2. 老师端评论区显示发送的消息
3. 学生端评论区显示接受的消息","1. 
2. 
3.",,3,功能测试,,正常,0,1,3,通过,燕子,2021/12/9,燕子,2021/12/10,2,,
717,万岳在线教育系统WEB开源版(#202),/讲师模块(#151),语音大班课(#416),语音大班课能否正常对讨论区禁言,,1. 语音大班课界面点击禁言选项,1. 评论区禁言选项显示“√”并不再显示新消息,1,,3,功能测试,,正常,0,1,1,通过,燕子,2021/12/9,燕子,2021/12/10,3,,
716,万岳在线教育系统WEB开源版(#202),/讲师模块(#151),语音大班课(#416),语音大班课能否正常上传图片,,"1. 语音大班课点击上传照片选项
2. 从电脑文件夹里选择图片
3. 上传","1. 弹出本地电脑文件夹选项
2. 
3. 显示上传成功并跳入上传图片后的语音大班课界面","1. 
2. 
3.",,3,功能测试,,正常,0,1,3,通过,燕子,2021/12/9,燕子,2021/12/10,2,,
715,万岳在线教育系统WEB开源版(#202),/讲师模块(#151),语音大班课(#416),语音大班课能否正常继续上课,,1. 语音大班课点击继续上课,1. 暂停的班课继续上课,1,,3,功能测试,,正常,0,1,1,通过,燕子,2021/12/9,燕子,2021/12/10,2,,
714,万岳在线教育系统WEB开源版(#202),/讲师模块(#151),语音大班课(#416),语音大班课能否正常添加课件,,"1. 语音大班课点击添加课件
2. 选择要上传的课件
3. 点击上传","1. 弹出本地文件夹界面
2. 
3. 加载进上传课件后的界面","1. 
2. 
3.",,3,功能测试,,正常,0,1,3,通过,燕子,2021/12/9,燕子,2021/12/10,2,,
713,万岳在线教育系统WEB开源版(#202),/讲师模块(#151),语音大班课(#416), 语音大班课能否正常显示参与该课程的学生用户人数,,1.  查看语音大班课右上角参与该课程的学生用户人数,1. 显示正确的参与该课程的学生用户人数,1,,3,功能测试,,正常,0,1,1,通过,燕子,2021/12/9,燕子,2021/12/10,2,,
712,万岳在线教育系统WEB开源版(#202),/讲师模块(#151),语音大班课(#416), 语音大班课能否正常录音,,"1.  语音大班课点击录音选项
2. 授予权限
3. 录音","1. 
2. 
3. 学生及时听到录音","1. 
2. 
3.",,3,功能测试,,正常,0,1,3,通过,燕子,2021/12/9,燕子,2021/12/10,3,,
701,万岳在线教育系统WEB开源版(#202),/讲师模块(#151),讲师直播课堂(#490),讲师直播课堂是否可以正确搜索关键词,,"1. 讲师直播课堂输入关键词至“搜索”
2. 点击筛选选项","1. 
2. 显示有对应关键词的班课","1. 
2.",,3,功能测试,"
功能测试阶段",正常,0,1,2,通过,燕子,2021/12/9,,0000-00-00,1,,
698,万岳在线教育系统WEB开源版(#202),/讲师模块(#151),讲师直播课堂(#490),讲师直播课堂点击多个相应选项筛选是否显示相应班课,,"1. 讲师直播课堂PPT班课筛选
1.1. 讲师直播课堂点击视频选项
2. 讲师直播课堂音频班课筛选
2.1. 讲师直播课堂点击音频选项
3. 讲师直播课堂直播班课筛选
3.1. 讲师直播课堂点击直播选项
4. 讲师直播课堂视频班课筛选
4.1. 讲师直播课堂点击视频选项
4.2. 点击筛选","1. 
1.1. 
2. 
2.1. 
3. 
3.1. 
4. 
4.1. 
4.2. 显示相应班课","1. 
1.1. 
2. 
2.1. 
3. 
3.1. 
4. 
4.1. 
4.2.",,3,功能测试,,正常,0,1,5,通过,燕子,2021/12/9,燕子,2021/12/10,3,,
697,万岳在线教育系统WEB开源版(#202),/讲师模块(#151),讲师直播课堂(#490),讲师直播课堂点击相应搜索筛选是否显示相应班课,,"1. 讲师直播课堂点击搜索
2. 输入关键词
3. 点击筛选","1. 
2. 
3. 显示筛选关键词后的班课","1. 
2. 
3.",,3,功能测试,,正常,0,1,3,通过,燕子,2021/12/9,燕子,2021/12/10,2,,
696,万岳在线教育系统WEB开源版(#202),/讲师模块(#151),讲师直播课堂(#490),讲师直播课堂点击相应时间筛选是否显示相应班课,,"1. 讲师直播课堂点击相应时间
2. 选择自己开始的时间
3. 点击筛选","1. 出现选择时间的列表
2. 
3. 显示相应班课","1. 
2. 
3.",,3,功能测试,,正常,0,1,3,通过,燕子,2021/12/9,燕子,2021/12/10,2,,
695,万岳在线教育系统WEB开源版(#202),/讲师模块(#151),讲师直播课堂(#490),讲师直播课堂点击相应状态筛选是否显示相应班课,,"1. 讲师直播课堂点击相应状态
2. 点击筛选","1. 显示（未直播，直播中，已结束）
2. 显示相应班课","1. 
2.",,3,功能测试,,正常,0,1,2,通过,燕子,2021/12/9,燕子,2021/12/10,2,,
694,万岳在线教育系统WEB开源版(#202),/讲师模块(#151),讲师直播课堂(#490),讲师直播课堂点击相应类型筛选是否显示相应班课,,,,,,3,功能测试,,正常,0,1,0,通过,燕子,2021/12/9,,0000-00-00,1,,
693,万岳在线教育系统WEB开源版(#202),/学生模块(#150),学生忘记密码(#427),学生输入正确的手机号，错误的验证码，含字符的密码,学生输入已注册过的手机号,1. 学生输入正确的手机号，错误的验证码，含字符的密码,1. 提示验证码错误，修改密码失败,符合预期结果1. 符合预期结果,修改密码,1,安全相关,"
功能测试阶段",正常,0,1,1,通过,朱霄涵,2021/12/9,朱霄涵,2021/12/10,2,,
692,万岳在线教育系统WEB开源版(#202),/学生模块(#150),学生忘记密码(#427),学生输入正确的手机号，正确的验证码，含字符的密码,学生输入已注册过的手机号,1. 学生输入正确的手机号，正确的验证码，含字符的密码,1. 提示密码为6-20位的数字与字母组合,符合预期结果1. 符合预期结果,修改密码,1,安全相关,"
功能测试阶段",正常,0,1,1,通过,朱霄涵,2021/12/9,朱霄涵,2021/12/10,2,,
691,万岳在线教育系统WEB开源版(#202),/学生模块(#150),学生忘记密码(#427),学生输入正确的手机号，错误的验证码，大于20位的密码,学生输入已注册的手机号,1. 学生输入正确的手机号，错误的验证码，大于20位的密码,1. 提示验证码错误,符合预期结果1.,修改密码,1,安全相关,"
功能测试阶段",正常,0,1,1,通过,朱霄涵,2021/12/9,朱霄涵,2021/12/10,3,,
690,万岳在线教育系统WEB开源版(#202),/学生模块(#150),学生忘记密码(#427),学生输入正确的手机号，正确的验证码，大于20位的密码,学生输入已注册的手机号,1. 学生输入正确的手机号，正确的验证码，大于20位的密码,1. 提示密码为6-20位的字母与数字组合,符合预期结果1. 符合预期结果,修改密码,1,安全相关,"
功能测试阶段",正常,0,1,1,通过,朱霄涵,2021/12/9,朱霄涵,2021/12/10,2,,
689,万岳在线教育系统WEB开源版(#202),/学生模块(#150),学生忘记密码(#427),学生输入正确的手机号，错误的验证码，小于6位的密码,学生输入已注册的手机号,1. 学生输入正确的手机号，错误的验证码，小于6位的密码,1. 提示验证码错误,符合预期结果1. 符合预期结果,修改密码,1,安全相关,"
功能测试阶段",正常,0,1,1,通过,朱霄涵,2021/12/9,朱霄涵,2021/12/10,2,,
688,万岳在线教育系统WEB开源版(#202),/学生模块(#150),学生忘记密码(#427),学生输入正确的手机号，正确的验证码，小于6位的密码,学生输入已注册的手机号,1. 学生输入正确的手机号，正确的验证码，小于6位的密码,1. 提示密码为6-20位的字母与数字组合,符合预期结果1. 符合预期结果,修改密码,1,安全相关,"
功能测试阶段",正常,0,1,1,通过,朱霄涵,2021/12/9,朱霄涵,2021/12/10,2,,
687,万岳在线教育系统WEB开源版(#202),/学生模块(#150),学生忘记密码(#427),学生输入错误的手机号，正确的验证码，6-20位的数字密码,学生输入未注册的手机号,1. 学生输入错误的手机号，正确的验证码，6-20位的数字密码,1. 提示该手机号码未注册，请先注册,符合预期结果1. 符合预期结果,修改密码,1,安全相关,"
功能测试阶段",正常,0,1,1,通过,朱霄涵,2021/12/9,朱霄涵,2021/12/10,2,,
686,万岳在线教育系统WEB开源版(#202),/学生模块(#150),学生忘记密码(#427),学生输入错误的手机号，正确的验证码，6-20位的字母密码,学生输入未注册的手机号,1. 学生输入错误的手机号，正确的验证码，6-20位的字母密码,1. 提示手机号未注册，请先注册,符合预期结果1. 符合预期结果,修改密码,1,安全相关,"
功能测试阶段",正常,0,1,1,通过,朱霄涵,2021/12/9,朱霄涵,2021/12/10,2,,
684,万岳在线教育系统WEB开源版(#202),/讲师模块(#151),讲师直播课堂(#490),讲师直播课堂点击筛选是否可以进入对应界面,,,,,,3,功能测试,,正常,0,1,0,通过,燕子,2021/12/9,,0000-00-00,1,,
683,万岳在线教育系统WEB开源版(#202),/讲师模块(#151),讲师直播课堂(#490),讲师直播课堂点击搜索是否可以输入字体,,,,,,3,功能测试,,正常,0,1,0,通过,燕子,2021/12/9,,0000-00-00,1,,
682,万岳在线教育系统WEB开源版(#202),/讲师模块(#151),讲师直播课堂(#490),讲师直播课堂点击开播时间是否显示时间选项,,1. 讲师直播课堂点击开播时间,1. 显示相应时间选项,1,,3,功能测试,,正常,0,1,1,通过,燕子,2021/12/9,燕子,2021/12/10,2,,
681,万岳在线教育系统WEB开源版(#202),/讲师模块(#151),讲师直播课堂(#490),讲师直播课堂点击全部状态是否显示相应状态选项,,1. 讲师直播课堂点击全部状态,1. 显示相应状态选项（未直播，直播中，已结束）,1,,3,功能测试,,正常,0,1,1,通过,燕子,2021/12/9,燕子,2021/12/10,2,,
680,万岳在线教育系统WEB开源版(#202),/讲师模块(#151),讲师直播课堂(#490),讲师直播课堂点击全部类型是否显示相应类型选项,,1. 讲师直播课堂点击全部类型,1. 显示相应类型选项（PPT，视频，音频，直播）,1,,3,功能测试,,正常,0,1,1,通过,燕子,2021/12/9,燕子,2021/12/10,2,,
679,万岳在线教育系统WEB开源版(#202),/学生模块(#150),学生忘记密码(#427),学生输入错误的手机号，正确的验证码，6-20位的字母及数字组成的密码,学生输入未注册的手机号,1. 学生输入错误的手机号，正确的验证码，6-20位的字母及数字组成的密码,1. 提示手机号未注册，请先注册,符合预期结果1. 符合预期结果,修改密码,1,安全相关,"
功能测试阶段",正常,0,1,1,通过,朱霄涵,2021/12/9,朱霄涵,2021/12/10,2,,
678,万岳在线教育系统WEB开源版(#202),/学生模块(#150),学生忘记密码(#427),学生输入错误的手机号，错误的验证码，6-20位的数字密码,学生输入未注册的手机号,1. 学生输入错误的手机号，错误的验证码，6-20位的数字密码,1. 提示手机号未注册，请先注册,符合预期结果1. 符合预期结果,修改密码,1,安全相关,"
功能测试阶段",正常,0,1,1,通过,朱霄涵,2021/12/9,朱霄涵,2021/12/10,2,,
677,万岳在线教育系统WEB开源版(#202),/学生模块(#150),学生忘记密码(#427),学生输入错误的手机号，错误的验证码，6-20位的字母密码,学生输入未注册的手机号,1. 学生输入错误的手机号，错误的验证码，6-20位的字母密码,1. 提示手机号未注册，请先注册,符合预期结果1. 符合预期结果,修改密码,1,安全相关,"
功能测试阶段",正常,0,1,1,通过,朱霄涵,2021/12/9,朱霄涵,2021/12/10,2,,
676,万岳在线教育系统WEB开源版(#202),/学生模块(#150),学生忘记密码(#427),学生输入错误的手机号，错误的验证码，6-20位的字母及数字组成的密码,学生输入未注册的手机号,1. 学生输入错误的手机号，错误的验证码，6-20位的字母及数字组成的密码,1. 提示手机号未注册，请先注册,符合预期结果1. 符合预期结果,修改密码,1,安全相关,"
功能测试阶段",正常,0,1,1,通过,朱霄涵,2021/12/9,朱霄涵,2021/12/10,2,,
675,万岳在线教育系统WEB开源版(#202),/学生模块(#150),学生忘记密码(#427),学生输入正确的手机号，错误的验证码，6-20位的数字密码,学生输入已注册的手机号,1. 学生输入正确的手机号，错误的验证码，6-20位的数字密码,1. 提示验证码错误,符合预期结果1. 符合预期结果,修改密码,1,安全相关,"
功能测试阶段",正常,0,1,1,通过,朱霄涵,2021/12/9,朱霄涵,2021/12/10,2,,
674,万岳在线教育系统WEB开源版(#202),/学生模块(#150),学生忘记密码(#427),学生输入正确的手机号，错误的验证码，6-20位的字母密码,学生输入已注册的手机号,1. 学生输入正确的手机号，错误的验证码，6-20位的字母密码,1. 提示验证码错误,符合预期结果1. 符合预期结果,修改密码,1,安全相关,"
功能测试阶段",正常,0,1,1,通过,朱霄涵,2021/12/9,朱霄涵,2021/12/10,2,,
673,万岳在线教育系统WEB开源版(#202),/学生模块(#150),学生忘记密码(#427),学生输入正确的手机号，错误的验证码，6-20位的字母及数字组成的密码,学生输入已注册的手机号,1. 学生输入正确的手机号，错误的验证码，6-20位的字母及数字组成的密码,1. 提示验证码错误,符合预期结果1. 符合预期结果,修改密码,1,安全相关,"
功能测试阶段",正常,0,1,1,通过,朱霄涵,2021/12/9,朱霄涵,2021/12/10,2,,
672,万岳在线教育系统WEB开源版(#202),/学生模块(#150),学生忘记密码(#427),学生输入正确的手机号，正确的验证码，6-20位的数字密码,学生输入已注册的手机号,1. 学生输入正确的手机号，正确的验证码，6-20位的数字密码,1. 提示密码为6-20位字母与数字组合,符合预期结果1. 符合预期结果,修改密码,1,安全相关,"
功能测试阶段",正常,0,1,1,通过,朱霄涵,2021/12/9,朱霄涵,2021/12/10,2,,
671,万岳在线教育系统WEB开源版(#202),/学生模块(#150),学生忘记密码(#427),学生输入正确的手机号，正确的验证码，6-20位的字母密码,学生输入已注册的手机号,1. 学生输入正确的手机号，正确的验证码，6-20位的字母密码,1. 提示密码为6-20位的字母与数字组合,符合预期结果1. 符合预期结果,修改密码,1,安全相关,"
功能测试阶段",正常,0,1,1,通过,朱霄涵,2021/12/9,朱霄涵,2021/12/10,2,,
670,万岳在线教育系统WEB开源版(#202),/学生模块(#150),学生忘记密码(#427),学生输入正确的手机号，正确的验证码，6-20位的字母及数字组成的密码,学生输入已注册的手机号,1. 学生输入正确的手机号，正确的验证码，6-20位的字母及数字组成的密码,1. 提示操作成功，修改密码成功,符合预期结果1. 符合预期结果,修改密码,1,安全相关,"
功能测试阶段",正常,0,1,1,通过,朱霄涵,2021/12/9,朱霄涵,2021/12/10,2,,
667,万岳在线教育系统WEB开源版(#202),/讲师模块(#151),讲师首页(#412),讲师首页点击右上角设置点击退出登录是否跳入相应界面,,"1. 讲师首页点击右上角设置
2. 点击退出登录","1. 
2. 跳入相应界面","1. 
2.",,3,功能测试,,正常,0,1,2,通过,燕子,2021/12/9,燕子,2021/12/9,2,,
666,万岳在线教育系统WEB开源版(#202),/讲师模块(#151),讲师首页(#412),讲师首页点击右上角设置点击回到首页是否跳入相应界面,,"1. 讲师首页点击右上角
2. 点击回到首页","1. 
2. 跳入相应界面","1. 
2.",,3,功能测试,,正常,0,1,2,通过,燕子,2021/12/9,燕子,2021/12/9,2,,
665,万岳在线教育系统WEB开源版(#202),/讲师模块(#151),讲师首页(#412),讲师首页是否显示常见问题,,1. 查看讲师首页,1. 显示常见问题,1,,3,功能测试,,正常,0,2,1,通过,燕子,2021/12/9,朱霄涵,2021/12/11,2,,
664,万岳在线教育系统WEB开源版(#202),/讲师模块(#151),讲师首页(#412),讲师首页点击右上角设置是否显示退出登录选项,,1. 讲师首页点击右上角设置,1. 显示退出登录选项,1,,3,功能测试,,正常,0,1,1,通过,燕子,2021/12/9,朱霄涵,2021/12/11,2,,
663,万岳在线教育系统WEB开源版(#202),/讲师模块(#151),讲师首页(#412),讲师首页点击右上角设置是否显示回到首页选项,,1. 讲师首页点击右上角设置,1. 显示回到首页选项,1,,3,功能测试,,正常,0,1,1,通过,燕子,2021/12/9,朱霄涵,2021/12/11,2,,
662,万岳在线教育系统WEB开源版(#202),/讲师模块(#151),讲师首页(#412),讲师首页是否显示正确的我的大班课数目,,1. 查看讲师首页我的大班课数目,1. 显示正确的我的大班课数目,1,,3,功能测试,,正常,0,1,1,通过,燕子,2021/12/9,朱霄涵,2021/12/11,2,,
661,万岳在线教育系统WEB开源版(#202),/讲师模块(#151),讲师首页(#412),讲师首页点击帮助中心是否跳入相应界面,,1. 讲师首页点击帮助中心,1. 跳入相应界面,1,,3,功能测试,,正常,0,1,1,通过,燕子,2021/12/9,朱霄涵,2021/12/11,2,,
660,万岳在线教育系统WEB开源版(#202),/讲师模块(#151),讲师首页(#412),讲师首页点击我的大班课是否跳入相应界面,,1. 讲师首页点击我的大班课,1. 跳入相应界面,1,,3,功能测试,,正常,0,1,1,通过,燕子,2021/12/9,朱霄涵,2021/12/11,2,,
659,万岳在线教育系统WEB开源版(#202),/讲师模块(#151),讲师首页(#412),讲师首页点击账号选项是否跳入相应界面,,1. 讲师首页点击账号选项,1. 跳入相应界面,1,,3,功能测试,,正常,0,1,1,通过,燕子,2021/12/9,朱霄涵,2021/12/11,2,,
658,万岳在线教育系统WEB开源版(#202),/讲师模块(#151),讲师首页(#412),讲师首页点击直播课堂是否跳入相应界面,,1. 讲师首页点击直播课堂,1. 跳入相应界面,1,,3,功能测试,,正常,0,1,1,通过,燕子,2021/12/9,朱霄涵,2021/12/11,2,,
656,万岳在线教育系统WEB开源版(#202),/讲师模块(#151),讲师首页(#412),首页能否显示正常的图标,登录成功，IE9及以上版本浏览器，能上网,"1. 查看首页
2. 与操作文档比对","1. 
2. 与操作文档一致","1. 
2.",,3,功能测试,"
功能测试阶段",正常,0,1,2,通过,燕子,2021/12/9,朱霄涵,2021/12/11,1,,
651,万岳在线教育系统WEB开源版(#202),/后台管理员模块(#152),后台登录(#423),管理员输入非管理员账号，错误的密码，错误的验证码,管理员输入的为已注册的前端用户账号，非后台专有的管理员账号。,1. 输入非管理员账号，错误的密码，错误的验证码,1. 提示验证码错误,符合预期结果1. 符合预期结果,管理员账号,1,安全相关,"
功能测试阶段",正常,0,1,1,通过,朱霄涵,2021/12/9,朱霄涵,2021/12/11,2,,
650,万岳在线教育系统WEB开源版(#202),/后台管理员模块(#152),后台登录(#423),管理员输入非管理员账号，正确的密码，错误的验证码,管理员输入非管理员账号，正确的密码，错误的验证码,1. 管理员输入非管理员账号，正确的密码，错误的验证码,1. 提示验证码错误，登录失败,符合预期结果1. 符合预期结果,管理员账号,1,安全相关,"
功能测试阶段",正常,0,1,1,通过,朱霄涵,2021/12/9,朱霄涵,2021/12/11,2,,
649,万岳在线教育系统WEB开源版(#202),/后台管理员模块(#152),后台登录(#423),管理员输入非管理员账号，错误的密码，正确的验证码,管理员输入非管理员账号，错误的密码，正确的验证码,1. 管理员输入非管理员账号，错误的密码，正确的验证码,1. 提示用户名不存在，登录失败,符合预期结果1. 符合预期结果,管理员账号,1,安全相关,"
功能测试阶段",正常,0,1,1,通过,朱霄涵,2021/12/9,朱霄涵,2021/12/11,2,,
648,万岳在线教育系统WEB开源版(#202),/后台管理员模块(#152),后台登录(#423),管理员输入非管理员账号，正确的密码，正确的验证码,管理员输入非管理员账号，正确的密码，正确的验证码,1. 管理员输入非管理员账号，正确的密码，正确的验证码,1. 提示用户名不存在，登录失败,符合预期结果1. 符合预期结果,管理员账号,1,安全相关,"
功能测试阶段",正常,0,1,1,通过,朱霄涵,2021/12/9,朱霄涵,2021/12/11,2,,
647,万岳在线教育系统WEB开源版(#202),/后台管理员模块(#152),后台登录(#423),管理员输入管理员账号，正确的密码，错误的验证码,管理员输入管理员账号，正确的密码，错误的验证码,1. 管理员输入管理员账号，正确的密码，错误的验证码,1. 提示验证码错误，登录失败,符合预期结果1. 符合预期结果,管理员账号,1,安全相关,"
功能测试阶段",正常,0,1,1,通过,朱霄涵,2021/12/9,朱霄涵,2021/12/11,2,,
646,万岳在线教育系统WEB开源版(#202),/后台管理员模块(#152),后台登录(#423),管理员输入管理员账号，错误的密码，错误的验证码,管理员输入管理员账号，错误的密码，错误的验证码,1. 管理员输入管理员账号，错误的密码，错误的验证码,1. 提示验证码错误，登录失败,符合预期结果1. 符合预期结果,管理员账号,1,安全相关,"
功能测试阶段",正常,0,1,1,通过,朱霄涵,2021/12/9,朱霄涵,2021/12/11,2,,
645,万岳在线教育系统WEB开源版(#202),/后台管理员模块(#152),后台登录(#423),管理员输入管理员账号，错误的密码，正确的验证码,管理员输入管理员账号，错误的密码，正确的验证码,1. 管理员输入管理员账号，错误的密码，正确的验证码,1. 提示密码错误，登录失败,符合预期结果1. 符合预期结果,管理员账号,1,安全相关,"
功能测试阶段",正常,0,1,1,通过,朱霄涵,2021/12/9,朱霄涵,2021/12/11,2,,
644,万岳在线教育系统WEB开源版(#202),/后台管理员模块(#152),后台登录(#423),管理员输入管理员账号，正确的密码，正确的验证码,管理员输入管理员账号，正确的密码，正确的验证码,1. 管理员输入管理员账号，正确的密码，正确的验证码,1. 提示登录成功，登录成功,符合预期结果1. 符合预期结果,管理员账号,1,安全相关,"
功能测试阶段",正常,0,1,1,通过,朱霄涵,2021/12/9,朱霄涵,2021/12/11,2,,
407,万岳在线教育系统WEB开源版(#202),/讲师模块(#151),讲师登录(#411),讲师输入正确账号和密码是否能登录成功,IE9以上浏览器，可以正常上网,"1. 输入账号
1.1. 13866666666
2. 输入密码
2.1. 123456
3. 点击登录","1. 
1.1. 输入成功
2. 
2.1. 输入成功
3. 显示登录成功，跳转至讲师首页","1. 
1.1. 
2. 
2.1. 
3.",,3,安全相关,"
功能测试阶段",正常,0,1,3,通过,燕子,2021/12/8,朱霄涵,2021/12/11,2,,
e2.5 兼容性测试,,,,,,,,,,,,,,,,,,,,,,,,
e2.5.1 客户端操作系统测试,,,,,,,,,,,,,,,,,,,,,,,,
不同操作系统下系统是否能够正确显示与运行，如Win、Mac、Linux是否可以正常运行。,,,,,,,,,,,,,,,,,,,,,,,,
用例编号,用例实施,,期望输出,实际效果,,,,,,,,,,,,,,,,,,,,
,动作,输入,,,,,,,,,,,,,,,,,,,,,,
硬件的兼容性,最低配置是否满足系统运行要求,,满足,与期望一致,,,,,,,,,,,,,,,,,,,,
,推荐配置下系统响应速度是否满足需求,,满足,与期望一致,,,,,,,,,,,,,,,,,,,,
,软件运行对硬件的特殊要求,,无,与期望一致,,,,,,,,,,,,,,,,,,,,
,Liunx,,满足,与期望一致,,,,,,,,,,,,,,,,,,,,
操作系统的兼容性,Windows xp,,满足,与期望一致,,,,,,,,,,,,,,,,,,,,
,Windows 2000,,满足,与期望一致,,,,,,,,,,,,,,,,,,,,
,Windows 2003,,满足,与期望一致,,,,,,,,,,,,,,,,,,,,
,Liunx,,满足,与期望一致,,,,,,,,,,,,,,,,,,,,
,MacOS Monterey,,满足,与期望一致,,,,,,,,,,,,,,,,,,,,
 ,,,,,,,,,,,,,,,,,,,,,,,,
e2.5.2 浏览器测试,,,,,,,,,,,,,,,,,,,,,,,,
不同浏览器版本下系统是否能够正确显示与运行，如IE、火狐、Chrome、360浏览器等浏览器下所有功能是否可以正常运行。,,,,,,,,,,,,,,,,,,,,,,,,
用例编号,用例实施,,期望输出,实际效果,,,,,,,,,,,,,,,,,,,,
,动作,输入,,,,,,,,,,,,,,,,,,,,,,
浏览器的兼容,IE,,支持,低版本不支持,,,,,,,,,,,,,,,,,,,,
,Firefox,,支持,与期望一致,,,,,,,,,,,,,,,,,,,,
,遨游,,支持,与期望一致,,,,,,,,,,,,,,,,,,,,
,火狐,,支持,与期望一致,,,,,,,,,,,,,,,,,,,,
,Chrome,,支持,与期望一致,,,,,,,,,,,,,,,,,,,,
,360浏览器,,支持,与期望一致,,,,,,,,,,,,,,,,,,,,
 ,,,,,,,,,,,,,,,,,,,,,,,,
e2.5.3 分辨率测试,,,,,,,,,,,,,,,,,,,,,,,,
在不同分辨率下系统是否能够正确显示，界面是否美观，如800600、1024768、1280*800等不同分辨率下系统显示是否正常和美观。,,,,,,,,,,,,,,,,,,,,,,,,
用例编号,用例实施,,期望输出,实际效果,,,,,,,,,,,,,,,,,,,,
,动作,输入,,,,,,,,,,,,,,,,,,,,,,
分辨率的兼容,800*600,,清晰,与期望一致,,,,,,,,,,,,,,,,,,,,
,1024*768,,清晰,与期望一致,,,,,,,,,,,,,,,,,,,,
,1280*800,,清晰,与期望一致,,,,,,,,,,,,,,,,,,,,
,1680*1050,,清晰,与期望一致,,,,,,,,,,,,,,,,,,,,
,1980*1080,,清晰,与期望一致,,,,,,,,,,,,,,,,,,,,
白盒测试：,,,,,,,,,,,,,,,,,,,,,,,,
测试标题,优先级（高到低，一到四）,预置条件,测试数据,测试步骤,预期结果,设计者,实际结果,执行者,执行时间,,,,,,,,,,,,,,,
学生端注册登录是否成功,一,完成相应的代码开发（环境：chrome，语言：php）,page/login/login.vue、xieyi.vue,根据源码测试各端口,可以正常注册并登录,燕子,可以正常注册并登录,付晓峰,2021/12/10,,,,,,,,,,,,,,,
学生端首页是否显示正常,一,完成相应的代码开发（环境：chrome，语言：php）,common/icon.css,根据源码测试各端口,首页正常显示,燕子,首页正常显示,付晓峰,2021/12/10,,,,,,,,,,,,,,,
学生端选课中心是否能正常选课,一,完成相应的代码开发（环境：chrome，语言：php）,page/check_class/check_class.vue,根据源码测试各端口,学生选课正常,燕子,学生选课正常,付晓峰,2021/12/10,,,,,,,,,,,,,,,
学生端选课能否正常进入直播课堂,一,完成相应的代码开发（环境：chrome，语言：php）,packageB/live_course_info/live_course_info.vue,根据源码测试各端口,正常进入直播课堂,燕子,正常进入直播课堂,付晓峰,2021/12/10,,,,,,,,,,,,,,,
学生端精选内容是否正常显示,二,完成相应的代码开发（环境：chrome，语言：php）,page/news_detail/news_detail.css、news_detail.vue,根据源码测试各端口,能容可以正常显示,燕子,能容可以正常显示,付晓峰,2021/12/10,,,,,,,,,,,,,,,
学生端个人信息是否能正常修改,二,完成相应的代码开发（环境：chrome，语言：php）,page/my/.DS_Store、my.vue,根据源码测试各端口,个人信息可以正常修改,燕子,个人信息可以正常修改,付晓峰,2021/12/10,,,,,,,,,,,,,,,
讲师端注册登录是否成功,二,完成相应的代码开发（环境：chrome，语言：php）,page/login/login.vue、xieyi.vue,根据源码测试各端口,讲师端可以正常注册并登录,燕子,讲师端可以正常注册并登录,付晓峰,2021/12/10,,,,,,,,,,,,,,,
讲师端首页是否显示正常,二,完成相应的代码开发（环境：chrome，语言：php）,page/teacher/teacher.vue,根据源码测试各端口,讲师端首页可以正常显示,燕子,讲师端首页可以正常显示,付晓峰,2021/12/10,,,,,,,,,,,,,,,
讲师端选课能否正常开始课堂直播,二,完成相应的代码开发（环境：chrome，语言：php）,packageB/live-info/live-info.nvue,根据源码测试各端口,正常开始课堂直播,燕子,正常开始课堂直播,付晓峰,2021/12/10,,,,,,,,,,,,,,,
讲师端个人信息是否能正常修改,二,完成相应的代码开发（环境：chrome，语言：php）,page/teacherinfo/teacherinfo.vue,根据源码测试各端口,正常修改讲师个人信息,燕子,正常修改讲师个人信息,付晓峰,2021/12/10,,,,,,,,,,,,,,,
后台端登录是否成功,二,完成相应的代码开发（环境：chrome，语言：php）,page/login/login.vue、xieyi.vue,根据源码测试各端口,后台端可以正常登录,燕子,后台端可以正常登录,付晓峰,2021/12/10,,,,,,,,,,,,,,,
后台端用户管理是否正常,二,完成相应的代码开发（环境：chrome，语言：php）,user-list/user-list.vue,根据源码测试各端口,后台端可以正常管理用户,燕子,后台端可以正常管理用户,付晓峰,2021/12/10,,,,,,,,,,,,,,,
后台端内容管理是否正常,二,完成相应的代码开发（环境：chrome，语言：php）,content-more/content-more.vue,根据源码测试各端口,后台端可以正常进行内容管理,燕子,后台端可以正常进行内容管理,付晓峰,2021/12/10,,,,,,,,,,,,,,,
后台端推送是否正常,二,完成相应的代码开发（环境：chrome，语言：php）,page/content-more.vue,根据源码测试各端口,后台端可以正常推送内容,燕子,后台端可以正常推送内容,付晓峰,2021/12/10,,,,,,,,,,,,,,,
不同端口的网页能否分别适应不同分辨率,四,完成相应的代码开发（环境：chrome，语言：php）,uni.css、pages.json,根据源码测试各端口,可以通过改变窗口大小自动适应分辨率,燕子,可以通过改变窗口大小自动适应分辨率,付晓峰,2021/12/10,,,,,,,,,,,,,,,
